pop_id,lcname,idtype,ID,secorcamp,author,cadence,fluxamplitude
0,TIC-59129133-5-FFI-30min,TIC,59129133,5,FFI,30min,0.04193542197421818
0,TIC-59129133-32-FFI-10min,TIC,59129133,32,FFI,10min,0.0537933698462586
0,TIC-59129133-43-SPOC-120,TIC,59129133,43,SPOC,120,0.053993284702301025
0,TIC-59129133-44-SPOC-120,TIC,59129133,44,SPOC,120,0.05675840377807617
0,TIC-59129133-71-FFI-200s,TIC,59129133,71,FFI,200s,0.04983628000940776
0,EPIC-246676629-13-EVEREST-1800,EPIC,246676629,13,EVEREST,1800,0.07544948639971194
1,TIC-59091144-5-FFI-30min,TIC,59091144,5,FFI,30min,0.023516403417737197
1,TIC-59091144-32-FFI-10min,TIC,59091144,32,FFI,10min,0.016006259183963922
1,TIC-59091144-43-SPOC-120,TIC,59091144,43,SPOC,120,0.024946266412735008
1,TIC-59091144-44-SPOC-120,TIC,59091144,44,SPOC,120,0.026277929544448853
1,TIC-59091144-71-FFI-200s,TIC,59091144,71,FFI,200s,0.025818590696268018
1,EPIC-246682490-13-EVEREST-1800,EPIC,246682490,13,EVEREST,1800,0.39635053106268503
2,TIC-118769116-43-SPOC-120,TIC,118769116,43,SPOC,120,0.08575152754783621
2,TIC-118769116-44-SPOC-120,TIC,118769116,44,SPOC,120,0.07910734415054321
2,TIC-118769116-70-FFI-200s,TIC,118769116,70,FFI,200s,0.018035510104308927
2,TIC-118769116-71-FFI-200s,TIC,118769116,71,FFI,200s,0.017754973855523826
2,EPIC-247343526-13-EVEREST-1800,EPIC,247343526,13,EVEREST,1800,0.2084609770066661
3,TIC-175594111-91-SPOC-120,TIC,175594111,91,SPOC,120,0.0912177443504334
3,EPIC-203354381-2-EVEREST-1800,EPIC,203354381,2,EVEREST,1800,0.09722760432114874
4,TIC-322928171-91-SPOC-120,TIC,322928171,91,SPOC,120,0.059474676847457886
4,EPIC-203636498-2-EVEREST-1800,EPIC,203636498,2,EVEREST,1800,0.04579257956892602
5,TIC-175743566-91-SPOC-120,TIC,175743566,91,SPOC,120,0.025267356634140037
5,EPIC-203821589-2-EVEREST-1800,EPIC,203821589,2,EVEREST,1800,0.05183742930467106
6,TIC-98689067-91-SPOC-120,TIC,98689067,91,SPOC,120,0.15496393442153944
6,EPIC-203897692-2-EVEREST-1800,EPIC,203897692,2,EVEREST,1800,0.07263685778377327
7,TIC-49072162-91-SPOC-120,TIC,49072162,91,SPOC,120,0.04132955074310307
7,EPIC-204060981-2-EVEREST-1800,EPIC,204060981,2,EVEREST,1800,0.4244542812749279
8,TIC-203822419-91-SPOC-120,TIC,203822419,91,SPOC,120,0.14787677526474008
8,EPIC-204185983-2-EVEREST-1800,EPIC,204185983,2,EVEREST,1800,0.09010002646746373
9,TIC-48908525-91-FFI-200s,TIC,48908525,91,FFI,200s,0.018005100857398038
9,EPIC-204099739-2-EVEREST-1800,EPIC,204099739,2,EVEREST,1800,0.09125966268933905
10,TIC-49815071-91-SPOC-120,TIC,49815071,91,SPOC,120,0.0498771071434021
10,EPIC-205267399-2-EVEREST-1800,EPIC,205267399,2,EVEREST,1800,0.30682620423027585
11,TIC-204792541-91-SPOC-120,TIC,204792541,91,SPOC,120,0.031555449962616056
11,EPIC-203050730-2-EVEREST-1800,EPIC,203050730,2,EVEREST,1800,0.020571916243099952
12,TIC-205060766-91-SPOC-120,TIC,205060766,91,SPOC,120,0.13201417922973646
12,EPIC-203185083-2-EVEREST-1800,EPIC,203185083,2,EVEREST,1800,0.024984455365364866
13,TIC-68502886-91-SPOC-120,TIC,68502886,91,SPOC,120,0.15723263621330263
13,EPIC-203534383-2-EVEREST-1800,EPIC,203534383,2,EVEREST,1800,0.04538340948130226
14,TIC-66750314-91-SPOC-120,TIC,66750314,91,SPOC,120,0.04272116422653205
14,EPIC-203462615-2-EVEREST-1800,EPIC,203462615,2,EVEREST,1800,0.04560939154467203
15,TIC-12659333-91-SPOC-120,TIC,12659333,91,SPOC,120,0.045641100406646595
15,EPIC-204066898-2-EVEREST-1800,EPIC,204066898,2,EVEREST,1800,0.06029936241375178
15,EPIC-204066898-15-EVEREST-1800,EPIC,204066898,15,EVEREST,1800,0.07579526920056567
16,TIC-49072492-91-SPOC-120,TIC,49072492,91,SPOC,120,0.06863462924957275
16,EPIC-204117263-2-EVEREST-1800,EPIC,204117263,2,EVEREST,1800,0.04912108461680198
17,TIC-49198167-91-SPOC-120,TIC,49198167,91,SPOC,120,0.7244858086109163
17,EPIC-204367193-2-EVEREST-1800,EPIC,204367193,2,EVEREST,1800,0.056276301851297506
18,TIC-49518818-91-SPOC-120,TIC,49518818,91,SPOC,120,0.049883192777633645
18,EPIC-205110559-2-EVEREST-1800,EPIC,205110559,2,EVEREST,1800,0.11990155664978097
19,EPIC-204918279-2-EVEREST-1800,EPIC,204918279,2,EVEREST,1800,0.02063637051097378
20,TIC-9669706-91-SPOC-120,TIC,9669706,91,SPOC,120,0.10721061825752254
20,EPIC-204897050-2-EVEREST-1800,EPIC,204897050,2,EVEREST,1800,0.0921318652108356
21,TIC-280945693-10-FFI-30min,TIC,280945693,10,FFI,30min,1.5719435973572082
21,TIC-280945693-11-SPOC-120,TIC,280945693,11,SPOC,120,0.04577251672744764
21,TIC-280945693-37-SPOC-120,TIC,280945693,37,SPOC,120,0.04752590060234074
21,TIC-280945693-38-SPOC-120,TIC,280945693,38,SPOC,120,0.04936980009078984
21,TIC-280945693-64-SPOC-120,TIC,280945693,64,SPOC,120,0.07192838191986073
21,TIC-280945693-65-SPOC-120,TIC,280945693,65,SPOC,120,0.07152438163757324
22,TIC-296790810-10-FFI-30min,TIC,296790810,10,FFI,30min,0.019026376580941085
22,TIC-296790810-11-FFI-30min,TIC,296790810,11,FFI,30min,0.032323483121677765
22,TIC-296790810-37-FFI-10min,TIC,296790810,37,FFI,10min,0.028301513308859216
22,TIC-296790810-38-FFI-10min,TIC,296790810,38,FFI,10min,0.02358213470919468
22,TIC-296790810-64-SPOC-120,TIC,296790810,64,SPOC,120,0.08388549089431752
22,TIC-296790810-65-SPOC-120,TIC,296790810,65,SPOC,120,0.11221363544464125
23,TIC-290889135-10-FFI-30min,TIC,290889135,10,FFI,30min,0.061266826600712254
23,TIC-290889135-11-FFI-30min,TIC,290889135,11,FFI,30min,0.06338153080607034
23,TIC-290889135-37-FFI-10min,TIC,290889135,37,FFI,10min,0.045581486268671756
23,TIC-290889135-38-FFI-10min,TIC,290889135,38,FFI,10min,0.04636309899505442
23,TIC-290889135-64-FFI-200s,TIC,290889135,64,FFI,200s,0.05627320264895164
23,TIC-290889135-65-FFI-200s,TIC,290889135,65,FFI,200s,0.04833038786523114
24,TIC-301432612-10-FFI-30min,TIC,301432612,10,FFI,30min,0.041427220286884725
24,TIC-301432612-11-FFI-30min,TIC,301432612,11,FFI,30min,0.038305251956927244
24,TIC-301432612-37-FFI-10min,TIC,301432612,37,FFI,10min,0.04173631688197521
24,TIC-301432612-64-FFI-200s,TIC,301432612,64,FFI,200s,0.1658933829576411
25,TIC-93763678-10-FFI-30min,TIC,93763678,10,FFI,30min,0.009288063554865111
25,TIC-93763678-64-FFI-200s,TIC,93763678,64,FFI,200s,0.014700070524168773
25,TIC-93763678-90-FFI-200s,TIC,93763678,90,FFI,200s,0.013488573937657677
26,TIC-448002486-11-FFI-30min,TIC,448002486,11,FFI,30min,0.02353287177586605
26,TIC-448002486-38-FFI-10min,TIC,448002486,38,FFI,10min,0.03418104075366557
26,TIC-448002486-64-SPOC-120,TIC,448002486,64,SPOC,120,0.11789033412933347
26,TIC-448002486-65-SPOC-120,TIC,448002486,65,SPOC,120,0.11563901901245122
27,TIC-328468855-11-FFI-30min,TIC,328468855,11,FFI,30min,0.011557686049801785
27,TIC-328468855-38-FFI-10min,TIC,328468855,38,FFI,10min,0.018729869397048793
27,TIC-328468855-64-FFI-200s,TIC,328468855,64,FFI,200s,0.015838087939538115
28,TIC-435899024-11-FFI-30min,TIC,435899024,11,FFI,30min,0.04000198927508125
28,TIC-435899024-38-FFI-10min,TIC,435899024,38,FFI,10min,0.03526799304859762
28,TIC-435899024-64-SPOC-120,TIC,435899024,64,SPOC,120,0.22551949024200446
28,TIC-435899024-65-SPOC-120,TIC,435899024,65,SPOC,120,0.17469636797904975
29,TIC-973449111-11-FFI-30min,TIC,973449111,11,FFI,30min,0.010876215497669928
29,TIC-973449111-38-FFI-10min,TIC,973449111,38,FFI,10min,0.006684162925836623
29,TIC-973449111-64-SPOC-120,TIC,973449111,64,SPOC,120,0.07278004884719835
29,TIC-973449111-65-SPOC-120,TIC,973449111,65,SPOC,120,0.06606926918029776
30,TIC-309321971-11-FFI-30min,TIC,309321971,11,FFI,30min,0.018790688651654786
30,TIC-309321971-38-FFI-10min,TIC,309321971,38,FFI,10min,0.020248814686205208
30,TIC-309321971-65-FFI-200s,TIC,309321971,65,FFI,200s,0.017097608408919718
31,TIC-254612758-12-FFI-30min,TIC,254612758,12,FFI,30min,0.010899130659841716
31,TIC-254612758-38-FFI-10min,TIC,254612758,38,FFI,10min,0.010809437607286365
31,TIC-254612758-65-SPOC-120,TIC,254612758,65,SPOC,120,0.042815798521042
32,TIC-364291454-12-FFI-30min,TIC,364291454,12,FFI,30min,0.02420908521204357
33,TIC-147828926-12-FFI-30min,TIC,147828926,12,FFI,30min,0.056221175822209646
33,TIC-147828926-38-FFI-10min,TIC,147828926,38,FFI,10min,0.06479287245611098
33,TIC-147828926-65-FFI-200s,TIC,147828926,65,FFI,200s,0.03968654704244223
34,TIC-176205621-12-FFI-30min,TIC,176205621,12,FFI,30min,0.030512813041090325
34,TIC-176205621-38-FFI-10min,TIC,176205621,38,FFI,10min,0.027254161218061235
34,TIC-176205621-65-FFI-200s,TIC,176205621,65,FFI,200s,0.019620432039239355
35,TIC-276502773-11-FFI-30min,TIC,276502773,11,FFI,30min,0.0129411335430204
35,TIC-276502773-38-FFI-10min,TIC,276502773,38,FFI,10min,0.009165020993775252
35,TIC-276502773-65-FFI-200s,TIC,276502773,65,FFI,200s,0.016111214959046882
36,TIC-99207324-12-FFI-30min,TIC,99207324,12,FFI,30min,0.017009492639515678
36,TIC-99207324-38-FFI-10min,TIC,99207324,38,FFI,10min,0.017161098345165993
36,TIC-99207324-65-SPOC-120,TIC,99207324,65,SPOC,120,0.11520594358444214
37,TIC-310720311-11-FFI-30min,TIC,310720311,11,FFI,30min,0.056573645441576614
37,TIC-310720311-37-FFI-10min,TIC,310720311,37,FFI,10min,0.09878152717195177
37,TIC-310720311-38-FFI-10min,TIC,310720311,38,FFI,10min,0.10681112371209067
37,TIC-310720311-64-SPOC-120,TIC,310720311,64,SPOC,120,0.22305301427841173
37,TIC-310720311-65-SPOC-120,TIC,310720311,65,SPOC,120,0.19644056558609002
38,TIC-405970436-11-FFI-30min,TIC,405970436,11,FFI,30min,0.020539933548989864
38,TIC-405970436-37-FFI-10min,TIC,405970436,37,FFI,10min,0.012918203858915733
38,TIC-405970436-38-FFI-10min,TIC,405970436,38,FFI,10min,0.015845714360663954
38,TIC-405970436-64-FFI-200s,TIC,405970436,64,FFI,200s,0.01895238730105553
38,TIC-405970436-65-FFI-200s,TIC,405970436,65,FFI,200s,0.015205976743740468
39,TIC-406040223-11-FFI-30min,TIC,406040223,11,FFI,30min,0.05094865130214643
39,TIC-406040223-37-FFI-10min,TIC,406040223,37,FFI,10min,0.025436793530726032
39,TIC-406040223-38-FFI-10min,TIC,406040223,38,FFI,10min,0.0291946051665668
39,TIC-406040223-64-SPOC-120,TIC,406040223,64,SPOC,120,0.2544753432273864
39,TIC-406040223-65-SPOC-120,TIC,406040223,65,SPOC,120,0.2404993176460266
40,TIC-207621404-11-FFI-30min,TIC,207621404,11,FFI,30min,0.05765385316209204
40,TIC-207621404-38-FFI-10min,TIC,207621404,38,FFI,10min,0.05186569898307902
40,TIC-207621404-65-SPOC-120,TIC,207621404,65,SPOC,120,0.16051081418991076
41,TIC-405695928-11-FFI-30min,TIC,405695928,11,FFI,30min,0.01914264043046865
41,TIC-405695928-37-SPOC-120,TIC,405695928,37,SPOC,120,0.025184452533721924
41,TIC-405695928-38-SPOC-120,TIC,405695928,38,SPOC,120,0.02371097207069406
41,TIC-405695928-64-FFI-200s,TIC,405695928,64,FFI,200s,0.015420412370992675
42,TIC-273821594-10-FFI-30min,TIC,273821594,10,FFI,30min,0.007809585384036866
42,TIC-273821594-11-FFI-30min,TIC,273821594,11,FFI,30min,0.007644536984678374
42,TIC-273821594-37-FFI-10min,TIC,273821594,37,FFI,10min,0.016986838205213628
42,TIC-273821594-38-FFI-10min,TIC,273821594,38,FFI,10min,0.018032876776654216
42,TIC-273821594-64-FFI-200s,TIC,273821594,64,FFI,200s,0.009116588222499167
43,TIC-419779703-11-FFI-30min,TIC,419779703,11,FFI,30min,0.014987727984654975
43,TIC-419779703-37-FFI-10min,TIC,419779703,37,FFI,10min,0.017194559725414282
43,TIC-419779703-38-FFI-10min,TIC,419779703,38,FFI,10min,0.01596789397960463
43,TIC-419779703-64-FFI-200s,TIC,419779703,64,FFI,200s,0.017151527021781687
44,TIC-398768350-10-FFI-30min,TIC,398768350,10,FFI,30min,0.07966361563582558
44,TIC-398768350-11-FFI-30min,TIC,398768350,11,FFI,30min,0.08132518638464914
44,TIC-398768350-37-FFI-10min,TIC,398768350,37,FFI,10min,0.027884108916076067
44,TIC-398768350-64-FFI-200s,TIC,398768350,64,FFI,200s,2.369099964969113
45,TIC-288093002-10-FFI-30min,TIC,288093002,10,FFI,30min,0.051766255847937925
45,TIC-288093002-11-FFI-30min,TIC,288093002,11,FFI,30min,0.06001486408317824
45,TIC-288093002-37-FFI-10min,TIC,288093002,37,FFI,10min,0.060804230303438844
45,TIC-288093002-64-SPOC-120,TIC,288093002,64,SPOC,120,0.10747652053833012
46,TIC-161734785-10-FFI-30min,TIC,161734785,10,FFI,30min,0.0192966273510905
46,TIC-161734785-11-FFI-30min,TIC,161734785,11,FFI,30min,0.026526965470988317
46,TIC-161734785-37-FFI-10min,TIC,161734785,37,FFI,10min,0.04306564712491756
46,TIC-161734785-64-SPOC-120,TIC,161734785,64,SPOC,120,0.13661681413650517
47,TIC-165904363-10-FFI-30min,TIC,165904363,10,FFI,30min,0.0052430046186644486
47,TIC-165904363-11-FFI-30min,TIC,165904363,11,FFI,30min,0.010874264484551976
47,TIC-165904363-37-FFI-10min,TIC,165904363,37,FFI,10min,0.016192594122902526
47,TIC-165904363-64-SPOC-120,TIC,165904363,64,SPOC,120,0.034740149974823
48,TIC-404335106-11-FFI-30min,TIC,404335106,11,FFI,30min,0.007879056777861604
48,TIC-404335106-37-FFI-10min,TIC,404335106,37,FFI,10min,0.009636582284184736
48,TIC-404335106-38-FFI-10min,TIC,404335106,38,FFI,10min,
48,TIC-404335106-64-FFI-200s,TIC,404335106,64,FFI,200s,0.019725007346879875
49,TIC-404387832-11-FFI-30min,TIC,404387832,11,FFI,30min,0.02512953535734974
49,TIC-404387832-37-FFI-10min,TIC,404387832,37,FFI,10min,0.02212657281806807
49,TIC-404387832-38-FFI-10min,TIC,404387832,38,FFI,10min,0.024100593086826883
49,TIC-404387832-64-FFI-200s,TIC,404387832,64,FFI,200s,0.019024656857086097
50,TIC-328906141-11-FFI-30min,TIC,328906141,11,FFI,30min,0.022894463842015433
50,TIC-328906141-38-FFI-10min,TIC,328906141,38,FFI,10min,0.017768153829386346
50,TIC-328906141-65-SPOC-120,TIC,328906141,65,SPOC,120,0.09722121357917779
51,TIC-329694185-11-FFI-30min,TIC,329694185,11,FFI,30min,0.016776409046929674
51,TIC-329694185-38-FFI-10min,TIC,329694185,38,FFI,10min,0.013460019166990578
51,TIC-329694185-65-FFI-200s,TIC,329694185,65,FFI,200s,0.019544415806168502
52,TIC-330560000-11-FFI-30min,TIC,330560000,11,FFI,30min,0.0133671831005443
52,TIC-330560000-38-FFI-10min,TIC,330560000,38,FFI,10min,0.016558890495411482
52,TIC-330560000-65-SPOC-120,TIC,330560000,65,SPOC,120,0.28663370609283445
53,TIC-211513644-11-FFI-30min,TIC,211513644,11,FFI,30min,0.016086277691377382
53,TIC-211513644-65-SPOC-120,TIC,211513644,65,SPOC,120,0.05278034210205085
54,TIC-242407571-11-FFI-30min,TIC,242407571,11,FFI,30min,0.03652837509203555
54,TIC-242407571-38-FFI-10min,TIC,242407571,38,FFI,10min,0.04319820802913232
54,TIC-242407571-65-SPOC-120,TIC,242407571,65,SPOC,120,0.05101679563522332
55,TIC-127866051-11-FFI-30min,TIC,127866051,11,FFI,30min,0.01355539751588486
55,TIC-127866051-38-FFI-10min,TIC,127866051,38,FFI,10min,3.9904620567116216
55,TIC-127866051-65-FFI-200s,TIC,127866051,65,FFI,200s,0.0198316373585693
56,TIC-127246012-11-FFI-30min,TIC,127246012,11,FFI,30min,0.009630184082649262
56,TIC-127246012-38-FFI-10min,TIC,127246012,38,FFI,10min,0.009422853046075486
56,TIC-127246012-65-FFI-200s,TIC,127246012,65,FFI,200s,0.018943568724760995
57,TIC-129309458-11-FFI-30min,TIC,129309458,11,FFI,30min,0.022866930125743812
57,TIC-129309458-38-FFI-10min,TIC,129309458,38,FFI,10min,0.016781066172597336
57,TIC-129309458-65-FFI-200s,TIC,129309458,65,FFI,200s,0.024289702498330068
58,TIC-127309526-11-FFI-30min,TIC,127309526,11,FFI,30min,0.03296691144198738
58,TIC-127309526-38-FFI-10min,TIC,127309526,38,FFI,10min,0.03128106909800199
58,TIC-127309526-65-SPOC-120,TIC,127309526,65,SPOC,120,0.07665417790412898
59,TIC-241884143-11-FFI-30min,TIC,241884143,11,FFI,30min,0.016497640096507782
59,TIC-241884143-38-FFI-10min,TIC,241884143,38,FFI,10min,0.020395605320965626
59,TIC-241884143-65-FFI-200s,TIC,241884143,65,FFI,200s,0.023650236748686493
60,TIC-243499565-11-FFI-30min,TIC,243499565,11,FFI,30min,0.01452625992671197
60,TIC-243499565-38-SPOC-120,TIC,243499565,38,SPOC,120,0.03298717141151419
60,TIC-243499565-64-SPOC-120,TIC,243499565,64,SPOC,120,0.06999608278274538
61,TIC-243449997-11-FFI-30min,TIC,243449997,11,FFI,30min,0.036494188025302465
61,TIC-243449997-38-FFI-10min,TIC,243449997,38,FFI,10min,0.02282887113610743
61,TIC-243449997-64-FFI-200s,TIC,243449997,64,FFI,200s,0.02639558812983056
62,TIC-243611773-11-FFI-30min,TIC,243611773,11,FFI,30min,0.011779644806191869
62,TIC-243611773-38-FFI-10min,TIC,243611773,38,FFI,10min,0.010154056502493347
62,TIC-243611773-64-SPOC-120,TIC,243611773,64,SPOC,120,0.0753551721572876
63,TIC-243381460-11-FFI-30min,TIC,243381460,11,FFI,30min,0.03619187233196697
63,TIC-243381460-38-FFI-10min,TIC,243381460,38,FFI,10min,0.04562126898556684
64,TIC-179367270-11-FFI-30min,TIC,179367270,11,FFI,30min,0.021341536617842327
64,TIC-179367270-38-SPOC-120,TIC,179367270,38,SPOC,120,0.06450796127319336
64,TIC-179367270-64-FFI-200s,TIC,179367270,64,FFI,200s,16.82953481168308
65,TIC-248145126-10-FFI-30min,TIC,248145126,10,FFI,30min,0.045016813231103625
65,TIC-248145126-11-FFI-30min,TIC,248145126,11,FFI,30min,0.0431894215619828
65,TIC-248145126-37-FFI-10min,TIC,248145126,37,FFI,10min,0.03160759570103078
65,TIC-248145126-64-SPOC-120,TIC,248145126,64,SPOC,120,0.12269650697708134
66,TIC-135162879-10-FFI-30min,TIC,135162879,10,FFI,30min,0.02319228532184936
66,TIC-135162879-37-FFI-10min,TIC,135162879,37,FFI,10min,0.0233234671959639
66,TIC-135162879-64-SPOC-120,TIC,135162879,64,SPOC,120,0.09261281490325923
67,TIC-121840452-11-FFI-30min,TIC,121840452,11,FFI,30min,0.08653418078544817
67,TIC-121840452-38-FFI-10min,TIC,121840452,38,FFI,10min,0.059136101914556094
67,TIC-121840452-65-SPOC-120,TIC,121840452,65,SPOC,120,0.09563520550727844
68,TIC-461643692-11-FFI-30min,TIC,461643692,11,FFI,30min,0.020066031205953516
68,TIC-461643692-38-FFI-10min,TIC,461643692,38,FFI,10min,5.940002863494451
68,TIC-461643692-65-SPOC-120,TIC,461643692,65,SPOC,120,0.1475823342800141
69,TIC-272398365-11-FFI-30min,TIC,272398365,11,FFI,30min,0.023648063549710274
69,TIC-272398365-38-FFI-10min,TIC,272398365,38,FFI,10min,0.03365583574314124
69,TIC-272398365-65-FFI-200s,TIC,272398365,65,FFI,200s,0.030922489662230546
70,TIC-440686535-42-SPOC-120,TIC,440686535,42,SPOC,120,0.05298577547073369
70,TIC-440686535-43-SPOC-120,TIC,440686535,43,SPOC,120,0.0482391655445098
70,TIC-440686535-44-FFI-10min,TIC,440686535,44,FFI,10min,0.013987790998908234
70,TIC-440686535-70-FFI-200s,TIC,440686535,70,FFI,200s,0.015430241119516186
70,TIC-440686535-71-FFI-200s,TIC,440686535,71,FFI,200s,0.01753731217295873
70,EPIC-211013604-4-EVEREST-1800,EPIC,211013604,4,EVEREST,1800,0.07388201541634654
71,TIC-440690770-42-FFI-10min,TIC,440690770,42,FFI,10min,0.060347373387320435
71,TIC-440690770-43-FFI-10min,TIC,440690770,43,FFI,10min,0.009814963645236485
71,TIC-440690770-44-FFI-10min,TIC,440690770,44,FFI,10min,0.006723679910815239
71,TIC-440690770-70-SPOC-120,TIC,440690770,70,SPOC,120,0.06044489145278931
71,TIC-440690770-71-SPOC-120,TIC,440690770,71,SPOC,120,0.06949072480201712
71,EPIC-211016654-4-EVEREST-1800,EPIC,211016654,4,EVEREST,1800,0.10412383224939847
72,TIC-67768181-42-SPOC-120,TIC,67768181,42,SPOC,120,0.10726605653762811
72,TIC-67768181-43-SPOC-120,TIC,67768181,43,SPOC,120,0.09711086750030518
72,TIC-67768181-44-SPOC-120,TIC,67768181,44,SPOC,120,0.08869085311889635
72,TIC-67768181-70-SPOC-120,TIC,67768181,70,SPOC,120,0.08429402709007261
72,TIC-67768181-71-SPOC-120,TIC,67768181,71,SPOC,120,0.09456851482391349
72,EPIC-211047687-4-EVEREST-1800,EPIC,211047687,4,EVEREST,1800,0.02357323919691323
73,TIC-14334105-43-FFI-10min,TIC,14334105,43,FFI,10min,0.008491983553037485
73,TIC-14334105-44-FFI-10min,TIC,14334105,44,FFI,10min,0.008871586200650317
73,TIC-14334105-70-FFI-200s,TIC,14334105,70,FFI,200s,0.014054394251067803
73,TIC-14334105-71-FFI-200s,TIC,14334105,71,FFI,200s,0.013732411734519334
73,EPIC-211057712-4-EVEREST-1800,EPIC,211057712,4,EVEREST,1800,0.028785638078081877
74,TIC-353927317-42-SPOC-120,TIC,353927317,42,SPOC,120,0.14884205460548394
74,TIC-353927317-43-SPOC-120,TIC,353927317,43,SPOC,120,0.1265447020530701
74,TIC-353927317-44-SPOC-120,TIC,353927317,44,SPOC,120,0.1207168281078339
74,TIC-353927317-70-FFI-200s,TIC,353927317,70,FFI,200s,0.017060697026145877
74,TIC-353927317-71-FFI-200s,TIC,353927317,71,FFI,200s,0.021556269633989045
74,EPIC-211070495-4-EVEREST-1800,EPIC,211070495,4,EVEREST,1800,0.0647346558000752
75,TIC-165184400-3-FFI-30min,TIC,165184400,3,FFI,30min,0.011843338136502402
75,TIC-165184400-4-SPOC-120,TIC,165184400,4,SPOC,120,0.03291976451873779
75,TIC-165184400-30-SPOC-120,TIC,165184400,30,SPOC,120,0.04446091651916495
75,TIC-165184400-31-SPOC-120,TIC,165184400,31,SPOC,120,0.04202643632888803
75,TIC-165184400-97-FFI-200s,TIC,165184400,97,FFI,200s,0.010362476049600056
76,TIC-465268712-10-FFI-30min,TIC,465268712,10,FFI,30min,0.006480387233839036
76,TIC-465268712-11-FFI-30min,TIC,465268712,11,FFI,30min,0.0057871861095680766
76,TIC-465268712-37-FFI-10min,TIC,465268712,37,FFI,10min,0.011332356914632968
76,TIC-465268712-38-FFI-10min,TIC,465268712,38,FFI,10min,0.01185042999446606
76,TIC-465268712-64-FFI-200s,TIC,465268712,64,FFI,200s,0.015899113032730394
76,TIC-465268712-65-FFI-200s,TIC,465268712,65,FFI,200s,0.014546019115232567
76,TIC-465268712-90-FFI-200s,TIC,465268712,90,FFI,200s,0.01383235148788986
77,TIC-370829038-9-FFI-30min,TIC,370829038,9,FFI,30min,0.0638674588331185
77,TIC-370829038-10-FFI-30min,TIC,370829038,10,FFI,30min,0.0672001250596006
77,TIC-370829038-11-FFI-30min,TIC,370829038,11,FFI,30min,0.05538062551863465
77,TIC-370829038-36-FFI-10min,TIC,370829038,36,FFI,10min,0.052516558515529055
77,TIC-370829038-37-FFI-10min,TIC,370829038,37,FFI,10min,6.632455241087904
77,TIC-370829038-38-FFI-10min,TIC,370829038,38,FFI,10min,0.04710142897075842
77,TIC-370829038-63-FFI-200s,TIC,370829038,63,FFI,200s,0.061035849844009116
77,TIC-370829038-64-FFI-200s,TIC,370829038,64,FFI,200s,0.05405135881820966
77,TIC-370829038-65-FFI-200s,TIC,370829038,65,FFI,200s,7.765166195554832
77,TIC-370829038-90-SPOC-120,TIC,370829038,90,SPOC,120,0.09631652235984789
78,TIC-342456426-8-FFI-30min,TIC,342456426,8,FFI,30min,0.017196577701615312
78,TIC-342456426-9-FFI-30min,TIC,342456426,9,FFI,30min,0.01845363850203674
78,TIC-342456426-10-FFI-30min,TIC,342456426,10,FFI,30min,0.019629265764042336
78,TIC-342456426-34-FFI-10min,TIC,342456426,34,FFI,10min,0.018966567011593827
78,TIC-342456426-35-FFI-10min,TIC,342456426,35,FFI,10min,0.023011545523787147
78,TIC-342456426-36-FFI-10min,TIC,342456426,36,FFI,10min,0.02145288865240569
78,TIC-342456426-61-SPOC-120,TIC,342456426,61,SPOC,120,0.050872623920440674
78,TIC-342456426-62-SPOC-120,TIC,342456426,62,SPOC,120,0.050070452690124556
78,TIC-342456426-63-SPOC-120,TIC,342456426,63,SPOC,120,0.05053560137748714
78,TIC-342456426-88-SPOC-120,TIC,342456426,88,SPOC,120,0.06435193419456486
78,TIC-342456426-89-SPOC-120,TIC,342456426,89,SPOC,120,0.061385273933410645
78,TIC-342456426-90-SPOC-120,TIC,342456426,90,SPOC,120,0.06395313143730164
79,TIC-92740519-8-FFI-30min,TIC,92740519,8,FFI,30min,0.034454008680905646
79,TIC-92740519-9-FFI-30min,TIC,92740519,9,FFI,30min,0.03427896020093457
79,TIC-92740519-35-FFI-10min,TIC,92740519,35,FFI,10min,0.02618938671072102
79,TIC-92740519-36-FFI-10min,TIC,92740519,36,FFI,10min,0.036584009563968345
79,TIC-92740519-61-FFI-200s,TIC,92740519,61,FFI,200s,0.027640287460500068
79,TIC-92740519-62-FFI-200s,TIC,92740519,62,FFI,200s,0.029050002213304005
79,TIC-92740519-88-FFI-200s,TIC,92740519,88,FFI,200s,8.087830713252073
79,TIC-92740519-89-SPOC-120,TIC,92740519,89,SPOC,120,0.03500672578811648
79,TIC-92740519-90-SPOC-120,TIC,92740519,90,SPOC,120,0.03548081517219548
80,TIC-353730181-43-SPOC-120,TIC,353730181,43,SPOC,120,0.06521707773208618
80,TIC-353730181-44-SPOC-120,TIC,353730181,44,SPOC,120,0.06286433935165403
80,TIC-353730181-70-SPOC-120,TIC,353730181,70,SPOC,120,0.043034493923187145
80,TIC-353730181-71-SPOC-120,TIC,353730181,71,SPOC,120,0.038962388038635165
81,TIC-368129164-23-SPOC-120,TIC,368129164,23,SPOC,120,0.01590750217437742
81,TIC-368129164-50-SPOC-120,TIC,368129164,50,SPOC,120,0.014394801855087236
81,TIC-368129164-77-SPOC-120,TIC,368129164,77,SPOC,120,0.013712209463119462
82,TIC-267953787-43-SPOC-120,TIC,267953787,43,SPOC,120,0.04880514144897474
82,TIC-267953787-44-SPOC-120,TIC,267953787,44,SPOC,120,0.05629397630691524
82,TIC-267953787-70-SPOC-120,TIC,267953787,70,SPOC,120,0.06426876783370972
82,TIC-267953787-71-SPOC-120,TIC,267953787,71,SPOC,120,0.060175794363021895
83,TIC-59836633-43-SPOC-120,TIC,59836633,43,SPOC,120,0.12021130323410034
83,TIC-59836633-44-SPOC-120,TIC,59836633,44,SPOC,120,0.11691714525222774
83,TIC-59836633-71-FFI-200s,TIC,59836633,71,FFI,200s,0.10523705942576822
84,TIC-2234692-19-SPOC-120,TIC,2234692,19,SPOC,120,0.06800985336303711
84,TIC-2234692-43-SPOC-120,TIC,2234692,43,SPOC,120,0.04642865061759949
84,TIC-2234692-44-SPOC-120,TIC,2234692,44,SPOC,120,0.07095746994018548
84,TIC-2234692-45-SPOC-120,TIC,2234692,45,SPOC,120,0.053247368335723855
84,TIC-2234692-59-FFI-200s,TIC,2234692,59,FFI,200s,0.038651057551977175
84,TIC-2234692-71-SPOC-120,TIC,2234692,71,SPOC,120,0.06706082820892334
84,TIC-2234692-73-SPOC-120,TIC,2234692,73,SPOC,120,0.08121958374977101
84,TIC-2234692-86-SPOC-120,TIC,2234692,86,SPOC,120,0.05050448179244993
85,TIC-332517282-2-SPOC-120,TIC,332517282,2,SPOC,120,0.05507872104644784
85,TIC-332517282-29-SPOC-120,TIC,332517282,29,SPOC,120,0.0917707085609436
85,TIC-332517282-69-SPOC-120,TIC,332517282,69,SPOC,120,0.05306831002235424
85,TIC-332517282-96-FFI-200s,TIC,332517282,96,FFI,200s,13.955633850264432
86,TIC-146539195-5-SPOC-120,TIC,146539195,5,SPOC,120,0.034502613544464045
86,TIC-146539195-32-SPOC-120,TIC,146539195,32,SPOC,120,0.0526991128921509
87,TIC-264599508-7-SPOC-120,TIC,264599508,7,SPOC,120,0.030073463916778564
87,TIC-264599508-33-SPOC-120,TIC,264599508,33,SPOC,120,0.05153548717498779
87,TIC-264599508-44-SPOC-120,TIC,264599508,44,SPOC,120,0.03319668769836426
87,TIC-264599508-45-SPOC-120,TIC,264599508,45,SPOC,120,0.032193911075592
87,TIC-264599508-46-SPOC-120,TIC,264599508,46,SPOC,120,0.035331451892852916
87,TIC-264599508-71-SPOC-120,TIC,264599508,71,SPOC,120,0.043250858783721924
87,TIC-264599508-72-SPOC-120,TIC,264599508,72,SPOC,120,0.04601987600326529
87,TIC-264599508-87-SPOC-120,TIC,264599508,87,SPOC,120,0.03622227907180786
88,TIC-50745567-6-SPOC-120,TIC,50745567,6,SPOC,120,0.023851895332336337
88,TIC-50745567-32-SPOC-120,TIC,50745567,32,SPOC,120,0.028907650709152244
89,TIC-38539720-31-SPOC-120,TIC,38539720,31,SPOC,120,0.09686371088027956
90,TIC-311092148-31-SPOC-120,TIC,311092148,31,SPOC,120,0.032797330617904685
91,TIC-68812630-43-SPOC-120,TIC,68812630,43,SPOC,120,0.06968060731887804
91,TIC-68812630-44-SPOC-120,TIC,68812630,44,SPOC,120,0.07163029909133911
91,TIC-68812630-71-SPOC-120,TIC,68812630,71,SPOC,120,0.07077554464340208
92,TIC-118449916-43-SPOC-120,TIC,118449916,43,SPOC,120,0.06511920690536499
92,TIC-118449916-44-SPOC-120,TIC,118449916,44,SPOC,120,0.0669185221195221
92,TIC-118449916-70-SPOC-120,TIC,118449916,70,SPOC,120,0.05500752925872798
92,TIC-118449916-71-SPOC-120,TIC,118449916,71,SPOC,120,0.056812405586242676
93,TIC-142173958-10-SPOC-120,TIC,142173958,10,SPOC,120,0.06107230186462409
93,TIC-142173958-37-SPOC-120,TIC,142173958,37,SPOC,120,0.04454803466796875
93,TIC-142173958-90-SPOC-120,TIC,142173958,90,SPOC,120,0.059785932302474976
94,TIC-193831684-13-SPOC-120,TIC,193831684,13,SPOC,120,0.08178248405456534
94,TIC-193831684-39-SPOC-120,TIC,193831684,39,SPOC,120,0.08550769090652466
94,TIC-193831684-66-SPOC-120,TIC,193831684,66,SPOC,120,0.08153812885284428
94,TIC-193831684-91-SPOC-120,TIC,193831684,91,SPOC,120,0.0726216733455659
94,TIC-193831684-92-SPOC-120,TIC,193831684,92,SPOC,120,0.07824328541755676
94,TIC-193831684-93-SPOC-120,TIC,193831684,93,SPOC,120,0.08517457842826848
95,TIC-38820496-1-SPOC-120,TIC,38820496,1,SPOC,120,0.023135769367218062
95,TIC-38820496-2-SPOC-120,TIC,38820496,2,SPOC,120,0.02497440576553356
95,TIC-38820496-27-SPOC-120,TIC,38820496,27,SPOC,120,0.03654195070266719
95,TIC-38820496-28-SPOC-120,TIC,38820496,28,SPOC,120,0.03158147335052486
95,TIC-38820496-67-FFI-200s,TIC,38820496,67,FFI,200s,1.35300625619519
95,TIC-38820496-68-SPOC-120,TIC,38820496,68,SPOC,120,0.06569467186927791
95,TIC-38820496-95-SPOC-120,TIC,38820496,95,SPOC,120,0.06852317452430723
95,TIC-38820496-96-SPOC-120,TIC,38820496,96,SPOC,120,0.06406677961349494
96,TIC-201898222-2-SPOC-120,TIC,201898222,2,SPOC,120,0.029237985610961803
96,TIC-201898222-3-SPOC-120,TIC,201898222,3,SPOC,120,0.019234830141067527
96,TIC-201898222-29-SPOC-120,TIC,201898222,29,SPOC,120,0.04841127395629874
96,TIC-201898222-30-SPOC-120,TIC,201898222,30,SPOC,120,0.033492046594619795
96,TIC-201898222-69-FFI-200s,TIC,201898222,69,FFI,200s,0.020552454567572043
96,TIC-201898222-96-SPOC-120,TIC,201898222,96,SPOC,120,0.07377105951309204
96,TIC-201898222-97-FFI-200s,TIC,201898222,97,FFI,200s,0.02840404033302757
97,TIC-201789285-2-SPOC-120,TIC,201789285,2,SPOC,120,0.08585847616195674
97,TIC-201789285-3-SPOC-120,TIC,201789285,3,SPOC,120,0.08421447277069083
97,TIC-201789285-29-SPOC-120,TIC,201789285,29,SPOC,120,0.07285618185997
97,TIC-201789285-30-SPOC-120,TIC,201789285,30,SPOC,120,0.07598422765731816
97,TIC-201789285-69-SPOC-120,TIC,201789285,69,SPOC,120,0.15221035480499268
97,TIC-201789285-96-SPOC-120,TIC,201789285,96,SPOC,120,0.07719925642013548
97,TIC-201789285-97-FFI-200s,TIC,201789285,97,FFI,200s,0.04013083253815486
98,TIC-144486786-5-SPOC-120,TIC,144486786,5,SPOC,120,0.02502297163009648
98,TIC-144486786-6-SPOC-120,TIC,144486786,6,SPOC,120,0.025524675846099854
98,TIC-144486786-32-SPOC-120,TIC,144486786,32,SPOC,120,0.05124081373214717
98,TIC-144486786-33-SPOC-120,TIC,144486786,33,SPOC,120,0.05226832628250122
98,TIC-144486786-87-SPOC-120,TIC,144486786,87,SPOC,120,0.029099643230438232
99,TIC-425937691-1-SPOC-120,TIC,425937691,1,SPOC,120,0.07661111354827888
99,TIC-425937691-2-SPOC-120,TIC,425937691,2,SPOC,120,0.07177562713623054
99,TIC-425937691-28-SPOC-120,TIC,425937691,28,SPOC,120,0.07061398029327404
99,TIC-425937691-29-FFI-10min,TIC,425937691,29,FFI,10min,5.6956559945401795
99,TIC-425937691-68-SPOC-120,TIC,425937691,68,SPOC,120,0.07010018825530995
99,TIC-425937691-69-SPOC-120,TIC,425937691,69,SPOC,120,0.06647963523864753
99,TIC-425937691-95-SPOC-120,TIC,425937691,95,SPOC,120,0.07118901014328005
99,TIC-425937691-96-SPOC-120,TIC,425937691,96,SPOC,120,0.06847373247146604
100,TIC-425933644-1-SPOC-120,TIC,425933644,1,SPOC,120,0.05329245328903198
100,TIC-425933644-2-SPOC-120,TIC,425933644,2,SPOC,120,0.04608440399169922
100,TIC-425933644-28-SPOC-120,TIC,425933644,28,SPOC,120,0.048670506477355935
100,TIC-425933644-29-SPOC-120,TIC,425933644,29,SPOC,120,0.04857337474822998
100,TIC-425933644-68-SPOC-120,TIC,425933644,68,SPOC,120,0.042256683111190796
100,TIC-425933644-69-SPOC-120,TIC,425933644,69,SPOC,120,0.05063084959983821
100,TIC-425933644-95-SPOC-120,TIC,425933644,95,SPOC,120,0.03907318711280827
100,TIC-425933644-96-SPOC-120,TIC,425933644,96,SPOC,120,0.036179023981094294
101,TIC-206544316-1-SPOC-120,TIC,206544316,1,SPOC,120,0.07833560705184939
101,TIC-206544316-2-SPOC-120,TIC,206544316,2,SPOC,120,0.07443780899047847
101,TIC-206544316-28-SPOC-120,TIC,206544316,28,SPOC,120,0.06906862854957585
101,TIC-206544316-29-SPOC-120,TIC,206544316,29,SPOC,120,0.06539676189422605
101,TIC-206544316-68-SPOC-120,TIC,206544316,68,SPOC,120,0.09097651243209848
101,TIC-206544316-69-SPOC-120,TIC,206544316,69,SPOC,120,0.09128217697143548
101,TIC-206544316-95-SPOC-120,TIC,206544316,95,SPOC,120,0.14795857667922974
101,TIC-206544316-96-SPOC-120,TIC,206544316,96,SPOC,120,0.1435277938842774
102,TIC-178155030-3-SPOC-120,TIC,178155030,3,SPOC,120,0.042082583904266335
102,TIC-178155030-4-SPOC-120,TIC,178155030,4,SPOC,120,0.042949181795120195
102,TIC-178155030-30-SPOC-120,TIC,178155030,30,SPOC,120,0.035994756221771285
102,TIC-178155030-31-SPOC-120,TIC,178155030,31,SPOC,120,0.03473895788192749
102,TIC-178155030-97-FFI-200s,TIC,178155030,97,FFI,200s,0.026581221363158325
103,TIC-141306513-4-SPOC-120,TIC,141306513,4,SPOC,120,0.027494621276855424
103,TIC-141306513-31-SPOC-120,TIC,141306513,31,SPOC,120,0.05102880001068111
104,TIC-397791443-10-FFI-30min,TIC,397791443,10,FFI,30min,0.01200165146619625
104,TIC-397791443-11-FFI-30min,TIC,397791443,11,FFI,30min,0.010748908380445621
104,TIC-397791443-37-SPOC-120,TIC,397791443,37,SPOC,120,0.2047138810157776
104,TIC-397791443-38-SPOC-120,TIC,397791443,38,SPOC,120,0.25436441302299506
104,TIC-397791443-63-FFI-200s,TIC,397791443,63,FFI,200s,0.016974198268028817
104,TIC-397791443-64-FFI-200s,TIC,397791443,64,FFI,200s,291.0235768198645
104,TIC-397791443-65-FFI-200s,TIC,397791443,65,FFI,200s,0.017365941483593383
104,TIC-397791443-90-SPOC-120,TIC,397791443,90,SPOC,120,0.2712690114974976
105,TIC-177309964-1-SPOC-120,TIC,177309964,1,SPOC,120,0.08980959653854359
105,TIC-177309964-2-SPOC-120,TIC,177309964,2,SPOC,120,0.0896770954132079
105,TIC-177309964-3-SPOC-120,TIC,177309964,3,SPOC,120,0.08708065748214733
105,TIC-177309964-4-SPOC-120,TIC,177309964,4,SPOC,120,0.08331577777862553
105,TIC-177309964-5-SPOC-120,TIC,177309964,5,SPOC,120,0.07371595501899719
105,TIC-177309964-6-SPOC-120,TIC,177309964,6,SPOC,120,0.07477157115936273
105,TIC-177309964-7-SPOC-120,TIC,177309964,7,SPOC,120,0.07509635686874394
105,TIC-177309964-8-SPOC-120,TIC,177309964,8,SPOC,120,0.06887905597686772
105,TIC-177309964-9-SPOC-120,TIC,177309964,9,SPOC,120,0.074535071849823
105,TIC-177309964-10-SPOC-120,TIC,177309964,10,SPOC,120,0.07088281512260441
105,TIC-177309964-11-SPOC-120,TIC,177309964,11,SPOC,120,0.07464030981063852
105,TIC-177309964-12-SPOC-120,TIC,177309964,12,SPOC,120,0.08629629015922546
105,TIC-177309964-13-SPOC-120,TIC,177309964,13,SPOC,120,0.08494744896888728
105,TIC-177309964-27-SPOC-120,TIC,177309964,27,SPOC,120,0.06780652999877934
105,TIC-177309964-28-SPOC-120,TIC,177309964,28,SPOC,120,0.07406032085418701
105,TIC-177309964-29-SPOC-120,TIC,177309964,29,SPOC,120,0.07055596113204965
105,TIC-177309964-30-SPOC-120,TIC,177309964,30,SPOC,120,0.07024812698364258
105,TIC-177309964-31-SPOC-120,TIC,177309964,31,SPOC,120,0.06751205921173098
105,TIC-177309964-33-SPOC-120,TIC,177309964,33,SPOC,120,0.06973813176155097
105,TIC-177309964-34-SPOC-120,TIC,177309964,34,SPOC,120,0.07363139390945439
105,TIC-177309964-35-SPOC-120,TIC,177309964,35,SPOC,120,0.07168468236923209
105,TIC-177309964-36-SPOC-120,TIC,177309964,36,SPOC,120,0.07237161993980412
105,TIC-177309964-37-SPOC-120,TIC,177309964,37,SPOC,120,0.07203890681266789
105,TIC-177309964-38-SPOC-120,TIC,177309964,38,SPOC,120,0.06713603734970086
105,TIC-177309964-39-SPOC-120,TIC,177309964,39,SPOC,120,0.0702306747436523
105,TIC-177309964-61-SPOC-120,TIC,177309964,61,SPOC,120,0.08421429991722107
105,TIC-177309964-62-SPOC-120,TIC,177309964,62,SPOC,120,0.08584055304527283
105,TIC-177309964-63-SPOC-120,TIC,177309964,63,SPOC,120,0.08846632242202745
105,TIC-177309964-64-SPOC-120,TIC,177309964,64,SPOC,120,0.0870407223701477
105,TIC-177309964-65-SPOC-120,TIC,177309964,65,SPOC,120,0.08787479400634757
105,TIC-177309964-66-SPOC-120,TIC,177309964,66,SPOC,120,0.08494836688041685
105,TIC-177309964-67-SPOC-120,TIC,177309964,67,SPOC,120,0.08198791146278395
105,TIC-177309964-68-SPOC-120,TIC,177309964,68,SPOC,120,0.08232505321502681
105,TIC-177309964-69-SPOC-120,TIC,177309964,69,SPOC,120,0.08916814327239986
105,TIC-177309964-87-SPOC-120,TIC,177309964,87,SPOC,120,0.06665452718734743
105,TIC-177309964-88-SPOC-120,TIC,177309964,88,SPOC,120,0.06440591812133789
105,TIC-177309964-89-SPOC-120,TIC,177309964,89,SPOC,120,0.06270898580551143
105,TIC-177309964-90-SPOC-120,TIC,177309964,90,SPOC,120,0.06297773718833932
105,TIC-177309964-93-SPOC-120,TIC,177309964,93,SPOC,120,0.06661924719810475
105,TIC-177309964-94-SPOC-120,TIC,177309964,94,SPOC,120,0.066961109638214
105,TIC-177309964-95-SPOC-120,TIC,177309964,95,SPOC,120,0.058233010768890425
105,TIC-177309964-96-SPOC-120,TIC,177309964,96,SPOC,120,0.06528748273849494
105,TIC-177309964-97-FFI-200s,TIC,177309964,97,FFI,200s,0.05284949555922325
106,TIC-300651846-1-FFI-30min,TIC,300651846,1,FFI,30min,0.018927317040989156
106,TIC-300651846-2-FFI-30min,TIC,300651846,2,FFI,30min,0.026476118896143652
106,TIC-300651846-3-FFI-30min,TIC,300651846,3,FFI,30min,12.385876882274076
106,TIC-300651846-4-FFI-30min,TIC,300651846,4,FFI,30min,0.02626585498748002
106,TIC-300651846-5-FFI-30min,TIC,300651846,5,FFI,30min,0.02658362233631073
106,TIC-300651846-6-FFI-30min,TIC,300651846,6,FFI,30min,0.029019610578752242
106,TIC-300651846-7-FFI-30min,TIC,300651846,7,FFI,30min,0.029877101152087526
106,TIC-300651846-8-FFI-30min,TIC,300651846,8,FFI,30min,0.02267333747406075
106,TIC-300651846-9-FFI-30min,TIC,300651846,9,FFI,30min,0.030199368244431035
106,TIC-300651846-10-FFI-30min,TIC,300651846,10,FFI,30min,0.029859030470917203
106,TIC-300651846-11-FFI-30min,TIC,300651846,11,FFI,30min,0.024726007921489046
106,TIC-300651846-12-FFI-30min,TIC,300651846,12,FFI,30min,0.020286292041042042
106,TIC-300651846-13-FFI-30min,TIC,300651846,13,FFI,30min,
106,TIC-300651846-27-FFI-10min,TIC,300651846,27,FFI,10min,0.020021288912225543
106,TIC-300651846-28-FFI-10min,TIC,300651846,28,FFI,10min,0.023202314578523175
106,TIC-300651846-29-FFI-10min,TIC,300651846,29,FFI,10min,0.030271804087626197
106,TIC-300651846-30-FFI-10min,TIC,300651846,30,FFI,10min,14.735988865321596
106,TIC-300651846-31-FFI-10min,TIC,300651846,31,FFI,10min,0.043707346509743394
106,TIC-300651846-32-SPOC-120,TIC,300651846,32,SPOC,120,0.059947353601455644
106,TIC-300651846-33-SPOC-120,TIC,300651846,33,SPOC,120,0.06702476739883423
106,TIC-300651846-34-SPOC-120,TIC,300651846,34,SPOC,120,0.051634693145752086
106,TIC-300651846-35-SPOC-120,TIC,300651846,35,SPOC,120,0.05979966521263125
106,TIC-300651846-36-SPOC-120,TIC,300651846,36,SPOC,120,0.065701425075531
106,TIC-300651846-37-SPOC-120,TIC,300651846,37,SPOC,120,0.06767045855522169
106,TIC-300651846-38-SPOC-120,TIC,300651846,38,SPOC,120,0.07105786800384528
106,TIC-300651846-39-SPOC-120,TIC,300651846,39,SPOC,120,0.06632359027862544
106,TIC-300651846-61-SPOC-120,TIC,300651846,61,SPOC,120,0.06081067919731131
106,TIC-300651846-62-SPOC-120,TIC,300651846,62,SPOC,120,0.06133627891540527
106,TIC-300651846-63-SPOC-120,TIC,300651846,63,SPOC,120,0.060748708248138494
106,TIC-300651846-64-SPOC-120,TIC,300651846,64,SPOC,120,0.07142583131790159
106,TIC-300651846-65-SPOC-120,TIC,300651846,65,SPOC,120,0.07556331157684326
106,TIC-300651846-66-SPOC-120,TIC,300651846,66,SPOC,120,0.06980031728744507
106,TIC-300651846-68-SPOC-120,TIC,300651846,68,SPOC,120,0.06269496083259574
106,TIC-300651846-69-SPOC-120,TIC,300651846,69,SPOC,120,0.061954271793365434
106,TIC-300651846-87-SPOC-120,TIC,300651846,87,SPOC,120,0.0703558325767516
106,TIC-300651846-88-SPOC-120,TIC,300651846,88,SPOC,120,0.06705755591392504
106,TIC-300651846-89-SPOC-120,TIC,300651846,89,SPOC,120,0.06384390592575073
106,TIC-300651846-90-FFI-200s,TIC,300651846,90,FFI,200s,79.8463047257357
106,TIC-300651846-93-SPOC-120,TIC,300651846,93,SPOC,120,0.05095736980438237
106,TIC-300651846-94-FFI-200s,TIC,300651846,94,FFI,200s,2.992641697591564
106,TIC-300651846-95-SPOC-120,TIC,300651846,95,SPOC,120,0.06546349525451667
106,TIC-300651846-96-SPOC-120,TIC,300651846,96,SPOC,120,0.06717333793640146
106,TIC-300651846-97-FFI-200s,TIC,300651846,97,FFI,200s,0.04419573344956351
107,TIC-264767454-8-SPOC-120,TIC,264767454,8,SPOC,120,0.021430671215057262
107,TIC-264767454-9-SPOC-120,TIC,264767454,9,SPOC,120,0.019532591104507446
107,TIC-264767454-10-SPOC-120,TIC,264767454,10,SPOC,120,0.02103910446167001
107,TIC-264767454-27-FFI-10min,TIC,264767454,27,FFI,10min,0.00875064661854874
107,TIC-264767454-34-SPOC-120,TIC,264767454,34,SPOC,120,0.017260539531707808
107,TIC-264767454-35-SPOC-120,TIC,264767454,35,SPOC,120,0.016935259103775024
107,TIC-264767454-36-SPOC-120,TIC,264767454,36,SPOC,120,0.0170545935630797
107,TIC-264767454-37-SPOC-120,TIC,264767454,37,SPOC,120,0.01852776408195489
107,TIC-264767454-61-FFI-200s,TIC,264767454,61,FFI,200s,0.03831326484617226
107,TIC-264767454-62-FFI-200s,TIC,264767454,62,FFI,200s,0.017472072519856496
107,TIC-264767454-63-FFI-200s,TIC,264767454,63,FFI,200s,0.018419654936862595
107,TIC-264767454-67-FFI-200s,TIC,264767454,67,FFI,200s,0.025554281351066632
107,TIC-264767454-87-FFI-200s,TIC,264767454,87,FFI,200s,2.8075649514121688
107,TIC-264767454-88-SPOC-120,TIC,264767454,88,SPOC,120,0.021624040603637762
107,TIC-264767454-89-SPOC-120,TIC,264767454,89,SPOC,120,0.02168737649917596
107,TIC-264767454-90-SPOC-120,TIC,264767454,90,SPOC,120,0.022545897960662864
107,TIC-264767454-97-FFI-200s,TIC,264767454,97,FFI,200s,0.09806805273819896
108,TIC-89463560-8-SPOC-120,TIC,89463560,8,SPOC,120,0.043591040372848555
108,TIC-89463560-9-SPOC-120,TIC,89463560,9,SPOC,120,0.05451540350913997
108,TIC-89463560-10-SPOC-120,TIC,89463560,10,SPOC,120,0.05693982839584344
108,TIC-89463560-35-SPOC-120,TIC,89463560,35,SPOC,120,0.04948413372039795
108,TIC-89463560-36-SPOC-120,TIC,89463560,36,SPOC,120,0.051386570930480935
108,TIC-89463560-37-SPOC-120,TIC,89463560,37,SPOC,120,0.044449114799499534
108,TIC-89463560-61-SPOC-120,TIC,89463560,61,SPOC,120,0.04526948928833008
108,TIC-89463560-62-SPOC-120,TIC,89463560,62,SPOC,120,0.04435122013092041
108,TIC-89463560-63-SPOC-120,TIC,89463560,63,SPOC,120,0.053443396091461204
108,TIC-89463560-64-SPOC-120,TIC,89463560,64,SPOC,120,0.031098967790603504
108,TIC-89463560-88-FFI-200s,TIC,89463560,88,FFI,200s,20.440299493076814
108,TIC-89463560-89-SPOC-120,TIC,89463560,89,SPOC,120,0.026101505756378263
108,TIC-89463560-90-SPOC-120,TIC,89463560,90,SPOC,120,0.028146070241928167
109,TIC-94088626-10-SPOC-120,TIC,94088626,10,SPOC,120,0.05100551247596741
109,TIC-94088626-37-FFI-10min,TIC,94088626,37,FFI,10min,43.65687416662994
109,TIC-94088626-64-FFI-200s,TIC,94088626,64,FFI,200s,0.027308190710509828
109,TIC-94088626-90-SPOC-120,TIC,94088626,90,SPOC,120,0.06606272459030138
110,TIC-294328887-1-FFI-30min,TIC,294328887,1,FFI,30min,0.016761407602161937
110,TIC-294328887-2-FFI-30min,TIC,294328887,2,FFI,30min,0.019676311561793614
110,TIC-294328887-3-FFI-30min,TIC,294328887,3,FFI,30min,0.02279824170932976
110,TIC-294328887-4-FFI-30min,TIC,294328887,4,FFI,30min,0.026552022022380717
110,TIC-294328887-5-SPOC-120,TIC,294328887,5,SPOC,120,0.07166488170623775
110,TIC-294328887-6-FFI-30min,TIC,294328887,6,FFI,30min,0.023166639215177365
110,TIC-294328887-7-FFI-30min,TIC,294328887,7,FFI,30min,0.02621293291112403
110,TIC-294328887-8-FFI-30min,TIC,294328887,8,FFI,30min,0.03171188847408324
110,TIC-294328887-9-FFI-30min,TIC,294328887,9,FFI,30min,0.03460943387191817
110,TIC-294328887-10-FFI-30min,TIC,294328887,10,FFI,30min,0.023878910104026763
110,TIC-294328887-11-FFI-30min,TIC,294328887,11,FFI,30min,0.0190869437678185
110,TIC-294328887-12-FFI-30min,TIC,294328887,12,FFI,30min,0.021490268453263184
110,TIC-294328887-13-FFI-30min,TIC,294328887,13,FFI,30min,0.018001059032980105
110,TIC-294328887-27-FFI-10min,TIC,294328887,27,FFI,10min,0.015138750659294264
110,TIC-294328887-28-FFI-10min,TIC,294328887,28,FFI,10min,0.017657359054863875
110,TIC-294328887-29-FFI-10min,TIC,294328887,29,FFI,10min,0.021050508673892687
110,TIC-294328887-30-FFI-10min,TIC,294328887,30,FFI,10min,0.019003337225773964
110,TIC-294328887-31-FFI-10min,TIC,294328887,31,FFI,10min,0.020489758522932
110,TIC-294328887-32-SPOC-120,TIC,294328887,32,SPOC,120,0.06287281513214116
110,TIC-294328887-33-SPOC-120,TIC,294328887,33,SPOC,120,0.0567981541156769
110,TIC-294328887-34-SPOC-120,TIC,294328887,34,SPOC,120,0.06423324346542358
110,TIC-294328887-35-SPOC-120,TIC,294328887,35,SPOC,120,0.06104779243469238
110,TIC-294328887-36-SPOC-120,TIC,294328887,36,SPOC,120,0.06050328016281126
110,TIC-294328887-37-SPOC-120,TIC,294328887,37,SPOC,120,0.07059311866760254
110,TIC-294328887-38-SPOC-120,TIC,294328887,38,SPOC,120,0.06132253408432009
110,TIC-294328887-39-SPOC-120,TIC,294328887,39,SPOC,120,0.06194877624511719
110,TIC-294328887-61-FFI-200s,TIC,294328887,61,FFI,200s,0.06690739925822209
110,TIC-294328887-62-FFI-200s,TIC,294328887,62,FFI,200s,0.0238281759031449
110,TIC-294328887-63-FFI-200s,TIC,294328887,63,FFI,200s,0.021430680827685067
110,TIC-294328887-64-FFI-200s,TIC,294328887,64,FFI,200s,0.024298246172733573
110,TIC-294328887-65-FFI-200s,TIC,294328887,65,FFI,200s,0.02744417963560175
110,TIC-294328887-66-FFI-200s,TIC,294328887,66,FFI,200s,0.025338008766060627
110,TIC-294328887-67-FFI-200s,TIC,294328887,67,FFI,200s,0.03387945263639158
110,TIC-294328887-68-FFI-200s,TIC,294328887,68,FFI,200s,0.052629503293561086
110,TIC-294328887-69-FFI-200s,TIC,294328887,69,FFI,200s,0.043563636229417724
110,TIC-294328887-87-SPOC-120,TIC,294328887,87,SPOC,120,0.06233081817626962
110,TIC-294328887-88-SPOC-120,TIC,294328887,88,SPOC,120,0.06993067264556885
110,TIC-294328887-89-SPOC-120,TIC,294328887,89,SPOC,120,0.0648356199264527
110,TIC-294328887-90-SPOC-120,TIC,294328887,90,SPOC,120,0.060989201068878174
110,TIC-294328887-93-SPOC-120,TIC,294328887,93,SPOC,120,0.07082638144493103
110,TIC-294328887-94-SPOC-120,TIC,294328887,94,SPOC,120,0.06588737368583675
110,TIC-294328887-95-SPOC-120,TIC,294328887,95,SPOC,120,0.06031216382980342
110,TIC-294328887-96-SPOC-120,TIC,294328887,96,SPOC,120,0.05704035758972159
110,TIC-294328887-97-FFI-200s,TIC,294328887,97,FFI,200s,0.043821011733709225
111,TIC-363963079-7-SPOC-120,TIC,363963079,7,SPOC,120,0.06202795505523684
111,TIC-363963079-8-SPOC-120,TIC,363963079,8,SPOC,120,0.0656669914722442
111,TIC-363963079-33-SPOC-120,TIC,363963079,33,SPOC,120,0.04700702428817749
111,TIC-363963079-34-SPOC-120,TIC,363963079,34,SPOC,120,0.04922991991043091
111,TIC-363963079-35-SPOC-120,TIC,363963079,35,SPOC,120,0.0561540722846986
111,TIC-363963079-61-FFI-200s,TIC,363963079,61,FFI,200s,0.02594538519071865
111,TIC-363963079-62-FFI-200s,TIC,363963079,62,FFI,200s,0.02468340823373616
111,TIC-363963079-87-SPOC-120,TIC,363963079,87,SPOC,120,0.04962417483329773
111,TIC-363963079-88-FFI-200s,TIC,363963079,88,FFI,200s,3.8182012872820987
111,TIC-363963079-89-SPOC-120,TIC,363963079,89,SPOC,120,0.05067125558853158
112,TIC-402980664-18-SPOC-120,TIC,402980664,18,SPOC,120,0.0383162796497345
112,TIC-402980664-19-SPOC-120,TIC,402980664,19,SPOC,120,0.034586191177368164
112,TIC-402980664-25-SPOC-120,TIC,402980664,25,SPOC,120,0.028241634368896484
112,TIC-402980664-26-SPOC-120,TIC,402980664,26,SPOC,120,0.02366536855697632
112,TIC-402980664-53-SPOC-120,TIC,402980664,53,SPOC,120,0.02703492641448968
112,TIC-402980664-58-SPOC-120,TIC,402980664,58,SPOC,120,0.022974467277526833
112,TIC-402980664-59-SPOC-120,TIC,402980664,59,SPOC,120,0.026792490482330344
112,TIC-402980664-73-SPOC-120,TIC,402980664,73,SPOC,120,0.029723167419433483
112,TIC-402980664-78-SPOC-120,TIC,402980664,78,SPOC,120,0.025578331947326616
112,TIC-402980664-79-SPOC-120,TIC,402980664,79,SPOC,120,0.025405037403106734
112,TIC-402980664-85-SPOC-120,TIC,402980664,85,SPOC,120,0.016487795114517145
112,TIC-402980664-86-SPOC-120,TIC,402980664,86,SPOC,120,0.01683831214904785
113,TIC-359892714-11-SPOC-120,TIC,359892714,11,SPOC,120,0.10475932359695428
113,TIC-359892714-12-SPOC-120,TIC,359892714,12,SPOC,120,0.11879420280456532
113,TIC-359892714-38-SPOC-120,TIC,359892714,38,SPOC,120,0.09818583726882935
113,TIC-359892714-39-SPOC-120,TIC,359892714,39,SPOC,120,0.10390802621841422
113,TIC-359892714-64-SPOC-120,TIC,359892714,64,SPOC,120,0.09929592013359079
113,TIC-359892714-65-SPOC-120,TIC,359892714,65,SPOC,120,0.10006321668624873
114,TIC-335598085-11-SPOC-120,TIC,335598085,11,SPOC,120,0.02468925714492798
114,TIC-335598085-64-SPOC-120,TIC,335598085,64,SPOC,120,0.0411418080329895
114,TIC-335598085-65-SPOC-120,TIC,335598085,65,SPOC,120,0.05345720052719116
115,TIC-442571495-12-SPOC-120,TIC,442571495,12,SPOC,120,0.03214290142059317
115,TIC-442571495-38-SPOC-120,TIC,442571495,38,SPOC,120,0.029006630182266235
115,TIC-442571495-65-FFI-200s,TIC,442571495,65,FFI,200s,0.011492830995107561
115,TIC-442571495-91-FFI-200s,TIC,442571495,91,FFI,200s,
116,TIC-67897871-12-SPOC-120,TIC,67897871,12,SPOC,120,0.03444024920463551
116,TIC-67897871-65-FFI-200s,TIC,67897871,65,FFI,200s,0.02895906365097356
116,TIC-67897871-91-SPOC-120,TIC,67897871,91,SPOC,120,0.06437294483184819
116,EPIC-202724025-2-EVEREST-1800,EPIC,202724025,2,EVEREST,1800,0.2568187504125229
117,TIC-405754448-11-SPOC-120,TIC,405754448,11,SPOC,120,0.021227294206619174
117,TIC-405754448-37-SPOC-120,TIC,405754448,37,SPOC,120,0.01821303367614746
117,TIC-405754448-38-SPOC-120,TIC,405754448,38,SPOC,120,0.0186249017715453
117,TIC-405754448-64-FFI-200s,TIC,405754448,64,FFI,200s,0.024333242996146143
117,TIC-405754448-65-FFI-200s,TIC,405754448,65,FFI,200s,0.024780039187429326
118,TIC-405910546-11-FFI-30min,TIC,405910546,11,FFI,30min,0.03171599436472383
118,TIC-405910546-37-SPOC-120,TIC,405910546,37,SPOC,120,0.0515386581420898
118,TIC-405910546-38-SPOC-120,TIC,405910546,38,SPOC,120,0.05833198428153985
118,TIC-405910546-64-FFI-200s,TIC,405910546,64,FFI,200s,0.026257505037123874
119,TIC-404144841-11-SPOC-120,TIC,404144841,11,SPOC,120,0.06702065467834462
119,TIC-404144841-37-SPOC-120,TIC,404144841,37,SPOC,120,0.0351692199707031
119,TIC-404144841-38-SPOC-120,TIC,404144841,38,SPOC,120,0.02961317896842952
119,TIC-404144841-64-SPOC-120,TIC,404144841,64,SPOC,120,0.037593078613281206
120,TIC-312410638-11-FFI-30min,TIC,312410638,11,FFI,30min,0.02102622797076459
120,TIC-312410638-38-SPOC-120,TIC,312410638,38,SPOC,120,0.07331256866455071
120,TIC-312410638-65-FFI-200s,TIC,312410638,65,FFI,200s,0.018156931294087464
121,TIC-167664935-11-FFI-30min,TIC,167664935,11,FFI,30min,0.16410308127941275
121,TIC-167664935-38-SPOC-120,TIC,167664935,38,SPOC,120,0.18333642482757573
121,TIC-167664935-65-FFI-200s,TIC,167664935,65,FFI,200s,0.16252661942510327
122,TIC-89026133-11-FFI-30min,TIC,89026133,11,FFI,30min,0.034604592574132176
122,TIC-89026133-38-SPOC-120,TIC,89026133,38,SPOC,120,0.04497948884963976
122,TIC-89026133-65-FFI-200s,TIC,89026133,65,FFI,200s,0.027694365333798543
123,TIC-272248916-11-SPOC-120,TIC,272248916,11,SPOC,120,0.0236039996147156
123,TIC-272248916-38-SPOC-120,TIC,272248916,38,SPOC,120,0.027676701545715332
123,TIC-272248916-65-FFI-200s,TIC,272248916,65,FFI,200s,0.03570212278084184
124,TIC-440725886-42-SPOC-120,TIC,440725886,42,SPOC,120,0.11741256713867188
124,TIC-440725886-43-SPOC-120,TIC,440725886,43,SPOC,120,0.07971718311309817
124,TIC-440725886-44-SPOC-120,TIC,440725886,44,SPOC,120,0.10400397777557369
124,TIC-440725886-70-SPOC-120,TIC,440725886,70,SPOC,120,0.08581238389015189
124,TIC-440725886-71-SPOC-120,TIC,440725886,71,SPOC,120,0.09146128892898564
125,TIC-234295610-1-SPOC-120,TIC,234295610,1,SPOC,120,0.04942975044250475
125,TIC-234295610-28-SPOC-120,TIC,234295610,28,SPOC,120,0.04778765439987176
125,TIC-234295610-68-FFI-200s,TIC,234295610,68,FFI,200s,0.054615229060628434
125,TIC-234295610-95-SPOC-120,TIC,234295610,95,SPOC,120,0.0337620854377747
126,TIC-224283342-2-SPOC-120,TIC,224283342,2,SPOC,120,0.04680776596069336
126,TIC-224283342-29-SPOC-120,TIC,224283342,29,SPOC,120,0.02041614055633545
126,TIC-224283342-69-SPOC-120,TIC,224283342,69,SPOC,120,0.04204339981079097
126,TIC-224283342-96-SPOC-120,TIC,224283342,96,SPOC,120,0.02143068909645085
127,TIC-289840926-1-SPOC-120,TIC,289840926,1,SPOC,120,0.09583820104599006
127,TIC-289840926-28-SPOC-120,TIC,289840926,28,SPOC,120,0.1213540613651275
127,TIC-289840926-68-FFI-200s,TIC,289840926,68,FFI,200s,0.014615781436448372
127,TIC-289840926-92-SPOC-120,TIC,289840926,92,SPOC,120,0.07280820012092604
127,TIC-289840926-95-SPOC-120,TIC,289840926,95,SPOC,120,0.07608532905578613
128,TIC-141146667-14-FFI-30min,TIC,141146667,14,FFI,30min,0.03996072814384821
128,TIC-141146667-15-FFI-30min,TIC,141146667,15,FFI,30min,0.01678249758149597
128,TIC-141146667-21-FFI-30min,TIC,141146667,21,FFI,30min,0.046150454702865495
128,TIC-141146667-41-SPOC-120,TIC,141146667,41,SPOC,120,0.09525132179260254
128,TIC-141146667-48-SPOC-120,TIC,141146667,48,SPOC,120,0.09772359132766728
128,TIC-141146667-75-SPOC-120,TIC,141146667,75,SPOC,120,0.09233698844909655
129,TIC-12779416-91-FFI-200s,TIC,12779416,91,FFI,200s,0.018895644084507723
129,EPIC-204364515-2-EVEREST-1800,EPIC,204364515,2,EVEREST,1800,0.05207399256724676
129,EPIC-204364515-15-EVEREST-1800,EPIC,204364515,15,EVEREST,1800,0.03674895497695341
130,TIC-68045555-91-SPOC-120,TIC,68045555,91,SPOC,120,0.05355787277221691
130,EPIC-203849738-2-EVEREST-1800,EPIC,203849738,2,EVEREST,1800,0.03933165862541066
131,TIC-68131578-91-SPOC-120,TIC,68131578,91,SPOC,120,0.06582414507865908
131,EPIC-203692610-2-EVEREST-1800,EPIC,203692610,2,EVEREST,1800,0.05310871088913305
132,TIC-49165224-91-SPOC-120,TIC,49165224,91,SPOC,120,0.08564376831054688
132,EPIC-205374937-2-EVEREST-1800,EPIC,205374937,2,EVEREST,1800,0.10300785675724122
133,TIC-391993423-12-FFI-30min,TIC,391993423,12,FFI,30min,0.010068954106864703
133,TIC-391993423-39-FFI-10min,TIC,391993423,39,FFI,10min,0.00649447379401058
133,TIC-391993423-91-SPOC-120,TIC,391993423,91,SPOC,120,0.09798649549484262
133,EPIC-202873945-2-EVEREST-1800,EPIC,202873945,2,EVEREST,1800,0.049293887469500475
134,TIC-203444707-91-SPOC-120,TIC,203444707,91,SPOC,120,0.07249907255172727
134,EPIC-204296148-2-EVEREST-1800,EPIC,204296148,2,EVEREST,1800,0.020537404967639894
135,TIC-175597010-91-SPOC-120,TIC,175597010,91,SPOC,120,0.09638628363609314
135,EPIC-203962559-2-EVEREST-1800,EPIC,203962559,2,EVEREST,1800,0.04858228917955565
136,TIC-175861088-91-SPOC-120,TIC,175861088,91,SPOC,120,0.04535955190658569
136,EPIC-203927435-2-EVEREST-1800,EPIC,203927435,2,EVEREST,1800,0.03663941891335165
137,TIC-49040989-91-FFI-200s,TIC,49040989,91,FFI,200s,0.01807255897816651
137,EPIC-205024957-2-EVEREST-1800,EPIC,205024957,2,EVEREST,1800,0.006609268831787252
138,TIC-49040871-91-FFI-200s,TIC,49040871,91,FFI,200s,0.018195355112142986
138,EPIC-205046529-2-EVEREST-1800,EPIC,205046529,2,EVEREST,1800,0.047442260376747813
139,TIC-49585759-91-SPOC-120,TIC,49585759,91,SPOC,120,0.05948841571807861
139,EPIC-204143627-2-EVEREST-1800,EPIC,204143627,2,EVEREST,1800,0.032794780083062025
140,TIC-413551134-91-SPOC-120,TIC,413551134,91,SPOC,120,0.10822935104370113
140,EPIC-205483258-2-EVEREST-1800,EPIC,205483258,2,EVEREST,1800,0.20263261392917953
141,TIC-220604303-91-SPOC-120,TIC,220604303,91,SPOC,120,0.03846262097358699
141,EPIC-204882444-2-EVEREST-1800,EPIC,204882444,2,EVEREST,1800,0.8315977197313517
142,TIC-280160269-91-FFI-200s,TIC,280160269,91,FFI,200s,51.51603762310176
142,EPIC-204787516-2-EVEREST-1800,EPIC,204787516,2,EVEREST,1800,0.11027727128158593
143,TIC-12776845-91-SPOC-120,TIC,12776845,91,SPOC,120,0.0690559864044189
143,EPIC-204270520-2-EVEREST-1800,EPIC,204270520,2,EVEREST,1800,0.06740001008286878
143,EPIC-204270520-15-EVEREST-1800,EPIC,204270520,15,EVEREST,1800,0.03628906173256419
144,TIC-49035618-91-FFI-200s,TIC,49035618,91,FFI,200s,0.016457978922493788
144,EPIC-204783273-2-EVEREST-1800,EPIC,204783273,2,EVEREST,1800,0.01222997388869973
145,TIC-68167990-91-FFI-200s,TIC,68167990,91,FFI,200s,0.05555798532108214
145,EPIC-203645396-2-EVEREST-1800,EPIC,203645396,2,EVEREST,1800,0.05114068941340666
146,TIC-49691316-91-SPOC-120,TIC,49691316,91,SPOC,120,0.026491600275039606
146,EPIC-204082531-2-EVEREST-1800,EPIC,204082531,2,EVEREST,1800,0.06140639671996084
147,TIC-202876323-91-SPOC-120,TIC,202876323,91,SPOC,120,0.08310633897781372
147,EPIC-204321142-2-EVEREST-1800,EPIC,204321142,2,EVEREST,1800,0.08483695308491512
148,TIC-175744495-91-FFI-200s,TIC,175744495,91,FFI,200s,0.015780240946598467
148,EPIC-203956650-2-EVEREST-1800,EPIC,203956650,2,EVEREST,1800,0.06505727165003417
149,TIC-205106701-12-FFI-30min,TIC,205106701,12,FFI,30min,0.007833061877761782
149,TIC-205106701-39-FFI-10min,TIC,205106701,39,FFI,10min,0.007097549918565371
149,TIC-205106701-91-FFI-200s,TIC,205106701,91,FFI,200s,0.009739296045322643
149,EPIC-202687442-2-EVEREST-1800,EPIC,202687442,2,EVEREST,1800,0.20268537125876218
150,TIC-73217080-91-SPOC-120,TIC,73217080,91,SPOC,120,0.03390038013458252
150,EPIC-204884822-2-EVEREST-1800,EPIC,204884822,2,EVEREST,1800,0.03373488600581198
151,TIC-289840928-1-SPOC-120,TIC,289840928,1,SPOC,120,0.03474539518356312
151,TIC-289840928-28-SPOC-120,TIC,289840928,28,SPOC,120,0.0417323112487793
151,TIC-289840928-68-SPOC-120,TIC,289840928,68,SPOC,120,0.037552714347839355
151,TIC-289840928-92-SPOC-120,TIC,289840928,92,SPOC,120,0.03452545404434215
151,TIC-289840928-95-SPOC-120,TIC,289840928,95,SPOC,120,0.03732740879058838
152,TIC-92574021-10-FFI-30min,TIC,92574021,10,FFI,30min,0.024517667162264223
152,TIC-92574021-37-FFI-10min,TIC,92574021,37,FFI,10min,0.020073915674663656
152,TIC-92574021-63-FFI-200s,TIC,92574021,63,FFI,200s,0.026030982911888323
152,TIC-92574021-64-FFI-200s,TIC,92574021,64,FFI,200s,0.028383401718695023
152,TIC-92574021-90-FFI-200s,TIC,92574021,90,FFI,200s,0.028172788113358438
153,TIC-452345586-10-FFI-30min,TIC,452345586,10,FFI,30min,0.005928127164317898
153,TIC-452345586-11-FFI-30min,TIC,452345586,11,FFI,30min,0.0045096457740207985
153,TIC-452345586-37-FFI-10min,TIC,452345586,37,FFI,10min,0.006405357900588493
153,TIC-452345586-64-FFI-200s,TIC,452345586,64,FFI,200s,0.00893215734455588
154,TIC-379774242-11-FFI-30min,TIC,379774242,11,FFI,30min,0.003942653676139218
154,TIC-379774242-37-FFI-10min,TIC,379774242,37,FFI,10min,0.006709596223636649
154,TIC-379774242-38-FFI-10min,TIC,379774242,38,FFI,10min,0.007533379272414487
154,TIC-379774242-64-FFI-200s,TIC,379774242,64,FFI,200s,0.010722177623313067
154,TIC-379774242-65-FFI-200s,TIC,379774242,65,FFI,200s,0.011112461358590009
155,TIC-310412874-11-FFI-30min,TIC,310412874,11,FFI,30min,0.012887241775226488
155,TIC-310412874-37-FFI-10min,TIC,310412874,37,FFI,10min,0.007079813881884611
155,TIC-310412874-38-FFI-10min,TIC,310412874,38,FFI,10min,0.008131934461786172
155,TIC-310412874-64-FFI-200s,TIC,310412874,64,FFI,200s,0.011651182212054634
155,TIC-310412874-65-FFI-200s,TIC,310412874,65,FFI,200s,0.011329243241730347
156,TIC-311447879-11-FFI-30min,TIC,311447879,11,FFI,30min,0.006157435883789475
156,TIC-311447879-37-FFI-10min,TIC,311447879,37,FFI,10min,0.006829230495570937
156,TIC-311447879-38-FFI-10min,TIC,311447879,38,FFI,10min,0.00943700092450206
157,TIC-311333943-11-FFI-30min,TIC,311333943,11,FFI,30min,0.004423155349479901
157,TIC-311333943-37-FFI-10min,TIC,311333943,37,FFI,10min,0.006133353874715697
157,TIC-311333943-64-FFI-200s,TIC,311333943,64,FFI,200s,0.008592860856046713
157,TIC-311333943-65-FFI-200s,TIC,311333943,65,FFI,200s,0.009153564133252634
158,TIC-450386147-11-FFI-30min,TIC,450386147,11,FFI,30min,0.005641355847114116
158,TIC-450386147-37-FFI-10min,TIC,450386147,37,FFI,10min,0.005441418213792515
158,TIC-450386147-38-FFI-10min,TIC,450386147,38,FFI,10min,0.005767760547237044
158,TIC-450386147-64-FFI-200s,TIC,450386147,64,FFI,200s,0.008654340713517117
158,TIC-450386147-65-FFI-200s,TIC,450386147,65,FFI,200s,0.009520841652386758
159,TIC-272407484-10-SPOC-120,TIC,272407484,10,SPOC,120,0.0524420440196991
159,TIC-272407484-11-SPOC-120,TIC,272407484,11,SPOC,120,0.04714547395706181
159,TIC-272407484-37-FFI-10min,TIC,272407484,37,FFI,10min,0.013228825066478489
159,TIC-272407484-38-FFI-10min,TIC,272407484,38,FFI,10min,0.010200613957453197
159,TIC-272407484-64-FFI-200s,TIC,272407484,64,FFI,200s,0.023535670439111755
160,TIC-412182239-11-FFI-30min,TIC,412182239,11,FFI,30min,0.010908371986163123
160,TIC-412182239-37-FFI-10min,TIC,412182239,37,FFI,10min,0.007951234490443548
160,TIC-412182239-38-FFI-10min,TIC,412182239,38,FFI,10min,0.0060853937398198665
160,TIC-412182239-64-FFI-200s,TIC,412182239,64,FFI,200s,0.00993038818917924
160,TIC-412182239-65-FFI-200s,TIC,412182239,65,FFI,200s,0.01299173244740004
161,TIC-165912675-10-FFI-30min,TIC,165912675,10,FFI,30min,0.00961353267364573
161,TIC-165912675-11-FFI-30min,TIC,165912675,11,FFI,30min,0.011484401288291979
161,TIC-165912675-37-FFI-10min,TIC,165912675,37,FFI,10min,0.013271825301374718
161,TIC-165912675-64-FFI-200s,TIC,165912675,64,FFI,200s,0.018278518092298857
162,TIC-412376751-11-FFI-30min,TIC,412376751,11,FFI,30min,0.007088851971705945
162,TIC-412376751-37-FFI-10min,TIC,412376751,37,FFI,10min,0.00831950571142559
162,TIC-412376751-38-FFI-10min,TIC,412376751,38,FFI,10min,0.008221668486687927
162,TIC-412376751-64-FFI-200s,TIC,412376751,64,FFI,200s,0.0159623911106912
162,TIC-412376751-65-FFI-200s,TIC,412376751,65,FFI,200s,0.014152283580443181
163,TIC-412376096-11-FFI-30min,TIC,412376096,11,FFI,30min,0.0038266589306890086
163,TIC-412376096-37-FFI-10min,TIC,412376096,37,FFI,10min,0.00498557085678486
163,TIC-412376096-38-FFI-10min,TIC,412376096,38,FFI,10min,0.0040606447578842575
163,TIC-412376096-64-FFI-200s,TIC,412376096,64,FFI,200s,0.007466288448952474
163,TIC-412376096-65-FFI-200s,TIC,412376096,65,FFI,200s,0.007518199362267608
164,TIC-258583707-11-FFI-30min,TIC,258583707,11,FFI,30min,0.011125170895310621
164,TIC-258583707-37-FFI-10min,TIC,258583707,37,FFI,10min,0.011383629612948809
164,TIC-258583707-64-FFI-200s,TIC,258583707,64,FFI,200s,0.012964837401685747
165,TIC-438709950-11-FFI-30min,TIC,438709950,11,FFI,30min,0.005452598654335672
165,TIC-438709950-37-FFI-10min,TIC,438709950,37,FFI,10min,0.006828199141497016
165,TIC-438709950-38-FFI-10min,TIC,438709950,38,FFI,10min,0.005859626596912637
165,TIC-438709950-64-FFI-200s,TIC,438709950,64,FFI,200s,0.009331011325601657
166,TIC-241375625-11-FFI-30min,TIC,241375625,11,FFI,30min,0.016082338216624525
166,TIC-241375625-38-FFI-10min,TIC,241375625,38,FFI,10min,0.016955956564148722
166,TIC-241375625-64-FFI-200s,TIC,241375625,64,FFI,200s,0.01616586019879096
166,TIC-241375625-65-FFI-200s,TIC,241375625,65,FFI,200s,0.016984956111536942
167,TIC-179368022-11-FFI-30min,TIC,179368022,11,FFI,30min,0.013995366749456783
167,TIC-179368022-38-FFI-10min,TIC,179368022,38,FFI,10min,0.018658043985252615
167,TIC-179368022-64-FFI-200s,TIC,179368022,64,FFI,200s,0.021399355913991558
168,TIC-241841997-11-FFI-30min,TIC,241841997,11,FFI,30min,0.0242373917165708
168,TIC-241841997-38-FFI-10min,TIC,241841997,38,FFI,10min,0.012615712310550808
168,TIC-241841997-65-FFI-200s,TIC,241841997,65,FFI,200s,0.023134779616224566
169,TIC-334325329-11-FFI-30min,TIC,334325329,11,FFI,30min,0.01094921623123124
169,TIC-334325329-38-FFI-10min,TIC,334325329,38,FFI,10min,0.016192309496305457
169,TIC-334325329-65-SPOC-120,TIC,334325329,65,SPOC,120,0.046411269903182895
170,TIC-334838280-11-FFI-30min,TIC,334838280,11,FFI,30min,0.00845561342855028
170,TIC-334838280-38-FFI-10min,TIC,334838280,38,FFI,10min,0.009553865155101371
170,TIC-334838280-65-FFI-200s,TIC,334838280,65,FFI,200s,0.018564773773108945
171,TIC-366178112-11-FFI-30min,TIC,366178112,11,FFI,30min,0.0200723606018548
171,TIC-366178112-38-FFI-10min,TIC,366178112,38,FFI,10min,0.019263455293507148
171,TIC-366178112-65-SPOC-120,TIC,366178112,65,SPOC,120,0.05431586503982544
172,TIC-160539036-11-FFI-30min,TIC,160539036,11,FFI,30min,0.025642893702390035
172,TIC-160539036-38-FFI-10min,TIC,160539036,38,FFI,10min,0.02182221637334969
172,TIC-160539036-65-FFI-200s,TIC,160539036,65,FFI,200s,0.016373822023308504
173,TIC-140765939-11-FFI-30min,TIC,140765939,11,FFI,30min,0.008393127188728422
173,TIC-140765939-38-FFI-10min,TIC,140765939,38,FFI,10min,0.009553589270182683
173,TIC-140765939-65-FFI-200s,TIC,140765939,65,FFI,200s,0.5142532085089874
174,TIC-76698847-11-FFI-30min,TIC,76698847,11,FFI,30min,0.0062783235035170915
174,TIC-76698847-38-FFI-10min,TIC,76698847,38,FFI,10min,0.007115870437716887
174,TIC-76698847-65-FFI-200s,TIC,76698847,65,FFI,200s,0.012908121363425562
175,TIC-173267960-12-FFI-30min,TIC,173267960,12,FFI,30min,0.01747362534695618
175,TIC-173267960-38-FFI-10min,TIC,173267960,38,FFI,10min,0.019649006431936566
175,TIC-173267960-65-FFI-200s,TIC,173267960,65,FFI,200s,0.02140914914645875
176,TIC-179357494-12-FFI-30min,TIC,179357494,12,FFI,30min,0.018083768450138704
176,TIC-179357494-38-FFI-10min,TIC,179357494,38,FFI,10min,0.020406102966998407
176,TIC-179357494-65-FFI-200s,TIC,179357494,65,FFI,200s,0.02490175119944482
177,TIC-442575691-12-FFI-30min,TIC,442575691,12,FFI,30min,0.030059773045785665
177,TIC-442575691-38-FFI-10min,TIC,442575691,38,FFI,10min,0.02498855540417866
177,TIC-442575691-65-FFI-200s,TIC,442575691,65,FFI,200s,0.03296707383269848
177,TIC-442575691-91-FFI-200s,TIC,442575691,91,FFI,200s,
178,TIC-84187344-12-FFI-30min,TIC,84187344,12,FFI,30min,0.002727589116429341
178,TIC-84187344-39-FFI-10min,TIC,84187344,39,FFI,10min,0.0036691872331940933
178,TIC-84187344-66-FFI-200s,TIC,84187344,66,FFI,200s,0.0065133495564435595
178,TIC-84187344-93-FFI-200s,TIC,84187344,93,FFI,200s,0.007017353113581093
179,TIC-85125492-12-FFI-30min,TIC,85125492,12,FFI,30min,0.01511422074384261
179,TIC-85125492-39-FFI-10min,TIC,85125492,39,FFI,10min,0.016473315067393135
179,TIC-85125492-66-FFI-200s,TIC,85125492,66,FFI,200s,0.01087137142689365
179,TIC-85125492-93-SPOC-120,TIC,85125492,93,SPOC,120,0.03597735166549676
180,TIC-85356121-12-FFI-30min,TIC,85356121,12,FFI,30min,0.009978525445313413
180,TIC-85356121-39-FFI-10min,TIC,85356121,39,FFI,10min,0.008490757860942222
180,TIC-85356121-66-FFI-200s,TIC,85356121,66,FFI,200s,0.009848608889521548
180,TIC-85356121-93-FFI-200s,TIC,85356121,93,FFI,200s,0.00990068406288147
181,TIC-97239026-12-FFI-30min,TIC,97239026,12,FFI,30min,0.015911405323344785
181,TIC-97239026-39-FFI-10min,TIC,97239026,39,FFI,10min,0.010672807115750249
181,TIC-97239026-66-FFI-200s,TIC,97239026,66,FFI,200s,0.01482891152079191
181,TIC-97239026-91-SPOC-120,TIC,97239026,91,SPOC,120,0.10933288931846619
181,TIC-97239026-93-SPOC-120,TIC,97239026,93,SPOC,120,0.0908501148223877
182,TIC-337243787-12-FFI-30min,TIC,337243787,12,FFI,30min,0.016019758241904936
182,TIC-337243787-39-FFI-10min,TIC,337243787,39,FFI,10min,0.0094314537501482
182,TIC-337243787-66-FFI-200s,TIC,337243787,66,FFI,200s,0.01608725611308881
182,TIC-337243787-93-SPOC-120,TIC,337243787,93,SPOC,120,0.12560896873474126
183,TIC-65347864-3-SPOC-120,TIC,65347864,3,SPOC,120,0.043810570240020774
183,TIC-65347864-4-SPOC-120,TIC,65347864,4,SPOC,120,0.043877637386322
183,TIC-65347864-30-FFI-10min,TIC,65347864,30,FFI,10min,0.033683872125694236
183,TIC-65347864-31-FFI-10min,TIC,65347864,31,FFI,10min,0.03509213340888773
183,TIC-65347864-97-FFI-200s,TIC,65347864,97,FFI,200s,0.029787361722324213
197,TIC-160329609-6-SPOC-120,TIC,160329609,6,SPOC,120,0.008601021766662553
197,TIC-160329609-32-SPOC-120,TIC,160329609,32,SPOC,120,0.018195044994354315
197,TIC-160329609-33-SPOC-120,TIC,160329609,33,SPOC,120,0.01747262477874756
197,TIC-160329609-87-SPOC-120,TIC,160329609,87,SPOC,120,0.016061782836914062
198,TIC-148646689-11-SPOC-120,TIC,148646689,11,SPOC,120,0.048712861537933305
198,TIC-148646689-38-SPOC-120,TIC,148646689,38,SPOC,120,0.061423885822296076
198,TIC-148646689-65-FFI-200s,TIC,148646689,65,FFI,200s,0.03226242001434021
199,TIC-245834739-5-FFI-30min,TIC,245834739,5,FFI,30min,0.01450750768739073
199,TIC-245834739-32-FFI-10min,TIC,245834739,32,FFI,10min,0.01851583598912243
199,TIC-245834739-43-SPOC-120,TIC,245834739,43,SPOC,120,0.031722748279571555
199,TIC-245834739-44-SPOC-120,TIC,245834739,44,SPOC,120,0.030708318948745594
199,TIC-245834739-70-SPOC-120,TIC,245834739,70,SPOC,120,0.0356137037277221
199,TIC-245834739-71-SPOC-120,TIC,245834739,71,SPOC,120,0.03283780813217152
200,TIC-125843782-43-SPOC-120,TIC,125843782,43,SPOC,120,0.025558441877365112
200,TIC-125843782-44-SPOC-120,TIC,125843782,44,SPOC,120,0.02666674852371209
200,TIC-125843782-70-SPOC-120,TIC,125843782,70,SPOC,120,0.05788666009902954
200,TIC-125843782-71-SPOC-120,TIC,125843782,71,SPOC,120,0.026662278175353937
200,EPIC-248131102-13-EVEREST-1800,EPIC,248131102,13,EVEREST,1800,0.03765791755654713
201,TIC-244161191-3-SPOC-120,TIC,244161191,3,SPOC,120,0.030675411224365234
201,TIC-244161191-30-SPOC-120,TIC,244161191,30,SPOC,120,0.029433751106262118
201,TIC-244161191-42-FFI-10min,TIC,244161191,42,FFI,10min,
201,TIC-244161191-70-SPOC-120,TIC,244161191,70,SPOC,120,0.05752013921737675
202,TIC-231058925-2-SPOC-120,TIC,231058925,2,SPOC,120,0.03020024299621582
202,TIC-231058925-3-SPOC-120,TIC,231058925,3,SPOC,120,0.0400066494941711
202,TIC-231058925-29-SPOC-120,TIC,231058925,29,SPOC,120,0.026487529277801514
202,TIC-231058925-30-SPOC-120,TIC,231058925,30,SPOC,120,0.03117115497589118
202,TIC-231058925-69-SPOC-120,TIC,231058925,69,SPOC,120,0.05250942111015322
202,TIC-231058925-96-SPOC-120,TIC,231058925,96,SPOC,120,0.030682235956192017
203,TIC-301676454-46-SPOC-120,TIC,301676454,46,SPOC,120,0.03638581037521349
203,TIC-301676454-72-FFI-200s,TIC,301676454,72,FFI,200s,6.068806300567379
204,TIC-58084670-14-FFI-30min,TIC,58084670,14,FFI,30min,3.462292759460059
204,TIC-58084670-41-SPOC-120,TIC,58084670,41,SPOC,120,0.11521021127700815
204,TIC-58084670-54-SPOC-120,TIC,58084670,54,SPOC,120,0.09609243869781492
204,TIC-58084670-55-SPOC-120,TIC,58084670,55,SPOC,120,0.10477830171585079
204,TIC-58084670-74-SPOC-120,TIC,58084670,74,SPOC,120,0.09023079872131334
204,TIC-58084670-75-SPOC-120,TIC,58084670,75,SPOC,120,0.09472215175628662
204,TIC-58084670-81-SPOC-120,TIC,58084670,81,SPOC,120,0.10743510723114014
205,TIC-67745212-5-FFI-30min,TIC,67745212,5,FFI,30min,0.018721429595758066
205,TIC-67745212-32-SPOC-120,TIC,67745212,32,SPOC,120,0.0491971135139464
206,TIC-5714469-10-SPOC-120,TIC,5714469,10,SPOC,120,0.07111091613769527
206,TIC-5714469-36-FFI-10min,TIC,5714469,36,FFI,10min,0.3439511233581065
206,TIC-5714469-63-FFI-200s,TIC,5714469,63,FFI,200s,0.022882768362827655
206,TIC-5714469-90-SPOC-120,TIC,5714469,90,SPOC,120,0.037735819816589355
207,TIC-259586708-3-SPOC-120,TIC,259586708,3,SPOC,120,0.043474113941192605
207,TIC-259586708-4-SPOC-120,TIC,259586708,4,SPOC,120,0.04203829765319822
207,TIC-259586708-5-SPOC-120,TIC,259586708,5,SPOC,120,0.04134376645088189
207,TIC-259586708-6-SPOC-120,TIC,259586708,6,SPOC,120,0.04092520475387573
207,TIC-259586708-30-SPOC-120,TIC,259586708,30,SPOC,120,0.05088837146759029
207,TIC-259586708-31-SPOC-120,TIC,259586708,31,SPOC,120,0.057289302349090576
207,TIC-259586708-32-SPOC-120,TIC,259586708,32,SPOC,120,0.047808051109313965
207,TIC-259586708-97-FFI-200s,TIC,259586708,97,FFI,200s,0.036387241833853334
208,TIC-245902096-5-FFI-30min,TIC,245902096,5,FFI,30min,0.016999503811183647
208,TIC-245902096-32-FFI-10min,TIC,245902096,32,FFI,10min,0.01690714979323249
208,TIC-245902096-43-SPOC-120,TIC,245902096,43,SPOC,120,0.026475048065185525
208,TIC-245902096-44-SPOC-120,TIC,245902096,44,SPOC,120,0.024175435304641724
208,TIC-245902096-70-FFI-200s,TIC,245902096,70,FFI,200s,0.01711990054930801
208,TIC-245902096-71-FFI-200s,TIC,245902096,71,FFI,200s,0.01909526205644052
208,EPIC-246776923-13-EVEREST-1800,EPIC,246776923,13,EVEREST,1800,0.06548770315125185
209,TIC-245874053-43-SPOC-120,TIC,245874053,43,SPOC,120,0.033125060796737715
209,TIC-245874053-44-SPOC-120,TIC,245874053,44,SPOC,120,0.03159676194190986
209,TIC-245874053-70-SPOC-120,TIC,245874053,70,SPOC,120,0.055593532323837236
209,TIC-245874053-71-SPOC-120,TIC,245874053,71,SPOC,120,0.05585520267486577
209,EPIC-246938594-13-EVEREST-1800,EPIC,246938594,13,EVEREST,1800,0.07247725672285976
210,TIC-245868207-43-SPOC-120,TIC,245868207,43,SPOC,120,0.029991090297698975
210,TIC-245868207-44-SPOC-120,TIC,245868207,44,SPOC,120,0.034167993068695
210,TIC-245868207-70-SPOC-120,TIC,245868207,70,SPOC,120,0.034943246841430575
210,TIC-245868207-71-SPOC-120,TIC,245868207,71,SPOC,120,0.035186171531677246
210,EPIC-246969828-13-EVEREST-1800,EPIC,246969828,13,EVEREST,1800,0.0839873588896366
211,TIC-268324578-43-SPOC-120,TIC,268324578,43,SPOC,120,0.15329929590225233
211,TIC-268324578-44-SPOC-120,TIC,268324578,44,SPOC,120,0.12267755866050711
211,TIC-268324578-70-FFI-200s,TIC,268324578,70,FFI,200s,0.015121235702103997
211,TIC-268324578-71-FFI-200s,TIC,268324578,71,FFI,200s,0.02115620261056117
211,EPIC-247794636-13-EVEREST-1800,EPIC,247794636,13,EVEREST,1800,0.13915439641013805
0,EPIC-246676629-13-K2SFF-1800,EPIC,246676629,13,K2SFF,1800,0.0834106725214212
1,EPIC-246682490-13-K2SFF-1800,EPIC,246682490,13,K2SFF,1800,0.04914673567260586
2,EPIC-247343526-13-K2SFF-1800,EPIC,247343526,13,K2SFF,1800,0.12058869766456015
3,EPIC-203354381-2-K2SFF-1800,EPIC,203354381,2,K2SFF,1800,0.16476371284016833
4,EPIC-203636498-2-K2SFF-1800,EPIC,203636498,2,K2SFF,1800,0.07379266796774542
5,EPIC-203821589-2-K2SFF-1800,EPIC,203821589,2,K2SFF,1800,0.11933042890522494
6,EPIC-203897692-2-K2SFF-1800,EPIC,203897692,2,K2SFF,1800,0.15478282661854548
7,EPIC-204060981-2-K2SFF-1800,EPIC,204060981,2,K2SFF,1800,0.05171617268230633
8,EPIC-204185983-2-K2SFF-1800,EPIC,204185983,2,K2SFF,1800,0.1394942582590073
9,EPIC-204099739-2-K2SFF-1800,EPIC,204099739,2,K2SFF,1800,0.0904469794938797
10,EPIC-205267399-2-K2SFF-1800,EPIC,205267399,2,K2SFF,1800,0.04727279498643666
11,EPIC-203050730-2-K2SFF-1800,EPIC,203050730,2,K2SFF,1800,0.02390150069323571
12,EPIC-203185083-2-K2SFF-1800,EPIC,203185083,2,K2SFF,1800,0.11883621620126361
13,EPIC-203534383-2-K2SFF-1800,EPIC,203534383,2,K2SFF,1800,0.038640147884326015
14,EPIC-203462615-2-K2SFF-1800,EPIC,203462615,2,K2SFF,1800,0.06789149306096587
15,EPIC-204066898-2-K2SFF-1800,EPIC,204066898,2,K2SFF,1800,0.04573572742284826
15,EPIC-204066898-15-K2SFF-1800,EPIC,204066898,15,K2SFF,1800,0.13226341864316193
16,EPIC-204117263-2-K2SFF-1800,EPIC,204117263,2,K2SFF,1800,0.0694364981421497
17,EPIC-204367193-2-K2SFF-1800,EPIC,204367193,2,K2SFF,1800,0.119295297177484
18,EPIC-205110559-2-K2SFF-1800,EPIC,205110559,2,K2SFF,1800,0.040588928870181284
19,EPIC-204918279-2-K2SFF-1800,EPIC,204918279,2,K2SFF,1800,0.01735832045635477
20,EPIC-204897050-2-K2SFF-1800,EPIC,204897050,2,K2SFF,1800,0.08660237900498435
70,EPIC-211013604-4-K2SFF-1800,EPIC,211013604,4,K2SFF,1800,0.07552909069564184
71,EPIC-211016654-4-K2SFF-1800,EPIC,211016654,4,K2SFF,1800,0.03600329366770483
72,EPIC-211047687-4-K2SFF-1800,EPIC,211047687,4,K2SFF,1800,0.024289459604687758
73,EPIC-211057712-4-K2SFF-1800,EPIC,211057712,4,K2SFF,1800,0.017824459704201878
74,EPIC-211070495-4-K2SFF-1800,EPIC,211070495,4,K2SFF,1800,0.06747126581468799
116,EPIC-202724025-2-K2SFF-1800,EPIC,202724025,2,K2SFF,1800,0.04079766342665647
129,EPIC-204364515-2-K2SFF-1800,EPIC,204364515,2,K2SFF,1800,0.04312104304170605
129,EPIC-204364515-15-K2SFF-1800,EPIC,204364515,15,K2SFF,1800,0.03327171924401928
130,EPIC-203849738-2-K2SFF-1800,EPIC,203849738,2,K2SFF,1800,0.04072827816449365
131,EPIC-203692610-2-K2SFF-1800,EPIC,203692610,2,K2SFF,1800,0.04326989970548656
132,EPIC-205374937-2-K2SFF-1800,EPIC,205374937,2,K2SFF,1800,0.08843727790606348
133,EPIC-202873945-2-K2SFF-1800,EPIC,202873945,2,K2SFF,1800,0.07695579976787426
134,EPIC-204296148-2-K2SFF-1800,EPIC,204296148,2,K2SFF,1800,0.04130557612614072
135,EPIC-203962559-2-K2SFF-1800,EPIC,203962559,2,K2SFF,1800,0.08756561359670612
136,EPIC-203927435-2-K2SFF-1800,EPIC,203927435,2,K2SFF,1800,0.0505436045636416
137,EPIC-205024957-2-K2SFF-1800,EPIC,205024957,2,K2SFF,1800,0.053784495297479196
138,EPIC-205046529-2-K2SFF-1800,EPIC,205046529,2,K2SFF,1800,0.03472076379755218
139,EPIC-204143627-2-K2SFF-1800,EPIC,204143627,2,K2SFF,1800,0.04579934752902681
140,EPIC-205483258-2-K2SFF-1800,EPIC,205483258,2,K2SFF,1800,0.20710036606961146
141,EPIC-204882444-2-K2SFF-1800,EPIC,204882444,2,K2SFF,1800,0.09672103938308474
142,EPIC-204787516-2-K2SFF-1800,EPIC,204787516,2,K2SFF,1800,0.15221778963621946
143,EPIC-204270520-2-K2SFF-1800,EPIC,204270520,2,K2SFF,1800,0.05667922451897234
143,EPIC-204270520-15-K2SFF-1800,EPIC,204270520,15,K2SFF,1800,0.0762754244500462
144,EPIC-204783273-2-K2SFF-1800,EPIC,204783273,2,K2SFF,1800,0.022108910313123342
145,EPIC-203645396-2-K2SFF-1800,EPIC,203645396,2,K2SFF,1800,0.04021037448981957
146,EPIC-204082531-2-K2SFF-1800,EPIC,204082531,2,K2SFF,1800,0.04118569548487194
147,EPIC-204321142-2-K2SFF-1800,EPIC,204321142,2,K2SFF,1800,0.10332156426549566
148,EPIC-203956650-2-K2SFF-1800,EPIC,203956650,2,K2SFF,1800,0.06507062439866051
149,EPIC-202687442-2-K2SFF-1800,EPIC,202687442,2,K2SFF,1800,0.7990559545755939
150,EPIC-204884822-2-K2SFF-1800,EPIC,204884822,2,K2SFF,1800,0.017157130518433594
200,EPIC-248131102-13-K2SFF-1800,EPIC,248131102,13,K2SFF,1800,0.04777294176533298
201,EPIC-60019763-1-K2SFF-1800,EPIC,60019763,1,K2SFF,1800,
208,EPIC-246776923-13-K2SFF-1800,EPIC,246776923,13,K2SFF,1800,0.059540498698595234
209,EPIC-246938594-13-K2SFF-1800,EPIC,246938594,13,K2SFF,1800,0.03077466792507444
210,EPIC-246969828-13-K2SFF-1800,EPIC,246969828,13,K2SFF,1800,0.08923478393548623
211,EPIC-247794636-13-K2SFF-1800,EPIC,247794636,13,K2SFF,1800,0.23086623779204363
