pop_id,lcname,period
0,TIC-59129133-5-FFI-30min,0.627144168427742
0,TIC-59129133-32-FFI-10min,0.6277305234193112
0,TIC-59129133-43-SPOC-120,0.6269654005689187
0,TIC-59129133-44-SPOC-120,0.6257642633480553
0,TIC-59129133-71-FFI-200s,0.6257001904905563
0,EPIC-246676629-13-EVEREST-1800,0.625910729818118
1,TIC-59091144-5-FFI-30min,3.609510980814224
1,TIC-59091144-32-FFI-10min,0.43750039511161476
1,TIC-59091144-43-SPOC-120,0.42109121627425544
1,TIC-59091144-44-SPOC-120,0.42093611631209116
1,TIC-59091144-71-FFI-200s,3.5785380705651404
1,EPIC-246682490-13-EVEREST-1800,3.6106447011695013
2,TIC-118769116-43-SPOC-120,0.3568909495582132
2,TIC-118769116-44-SPOC-120,0.35639072746355194
2,TIC-118769116-70-FFI-200s,0.35648926020284777
2,TIC-118769116-71-FFI-200s,0.35641042072502466
2,EPIC-247343526-13-EVEREST-1800,0.3569247709389751
3,TIC-175594111-91-SPOC-120,0.5997916061302799
3,EPIC-203354381-2-EVEREST-1800,0.5995496220966868
4,TIC-322928171-91-SPOC-120,0.7813899239090031
4,EPIC-203636498-2-EVEREST-1800,3.5841960552999113
5,TIC-175743566-91-SPOC-120,0.6681796703500478
5,EPIC-203821589-2-EVEREST-1800,0.040876413116009654
6,TIC-98689067-91-SPOC-120,4.271992572741535
6,EPIC-203897692-2-EVEREST-1800,0.04087640798686209
7,TIC-49072162-91-SPOC-120,0.1901169014307476
7,EPIC-204060981-2-EVEREST-1800,0.04088064471194109
8,TIC-203822419-91-SPOC-120,1.054107311614318
8,EPIC-204185983-2-EVEREST-1800,1.050642064798715
9,TIC-48908525-91-FFI-200s,0.7134950868319285
9,EPIC-204099739-2-EVEREST-1800,0.5284894030742042
10,TIC-49815071-91-SPOC-120,0.33167723606565225
10,EPIC-205267399-2-EVEREST-1800,2.3152920980221094
11,TIC-204792541-91-SPOC-120,0.7722446554358532
11,EPIC-203050730-2-EVEREST-1800,1.5791808124209468
12,TIC-205060766-91-SPOC-120,0.21994835650482472
12,EPIC-203185083-2-EVEREST-1800,4.757512566900674
13,TIC-68502886-91-SPOC-120,0.09279631636736067
13,EPIC-203534383-2-EVEREST-1800,3.5841959005391217
14,TIC-66750314-91-SPOC-120,0.26005235735316434
14,EPIC-203462615-2-EVEREST-1800,3.905237459520969
15,TIC-12659333-91-SPOC-120,0.3951177195781652
15,EPIC-204066898-2-EVEREST-1800,0.08170613172824462
15,EPIC-204066898-15-EVEREST-1800,0.3956839238068174
16,TIC-49072492-91-SPOC-120,0.6408726550211661
16,EPIC-204117263-2-EVEREST-1800,3.0073329438765954
17,TIC-49198167-91-SPOC-120,0.16114617173620713
17,EPIC-204367193-2-EVEREST-1800,4.937089817969705
18,TIC-49518818-91-SPOC-120,0.40310059634212275
18,EPIC-205110559-2-EVEREST-1800,3.755723554978234
19,EPIC-204918279-2-EVEREST-1800,3.5841952259691916
20,TIC-9669706-91-SPOC-120,0.26373192698031117
20,EPIC-204897050-2-EVEREST-1800,0.2637966821413526
21,TIC-280945693-10-FFI-30min,0.16882467266864978
21,TIC-280945693-11-SPOC-120,0.6378214992093244
21,TIC-280945693-37-SPOC-120,0.63501090991958
21,TIC-280945693-38-SPOC-120,0.63653366207558
21,TIC-280945693-64-SPOC-120,0.6351121756089516
21,TIC-280945693-65-SPOC-120,0.6356099352653958
22,TIC-296790810-10-FFI-30min,0.37100782937823806
22,TIC-296790810-11-FFI-30min,0.3716704038843004
22,TIC-296790810-37-FFI-10min,0.18584125618434572
22,TIC-296790810-38-FFI-10min,0.1856664631553103
22,TIC-296790810-64-SPOC-120,0.12382872613707903
22,TIC-296790810-65-SPOC-120,0.12385612529988033
23,TIC-290889135-10-FFI-30min,0.48318214180261937
23,TIC-290889135-11-FFI-30min,0.4831467489103578
23,TIC-290889135-37-FFI-10min,0.48385868989590836
23,TIC-290889135-38-FFI-10min,0.48401269151722054
23,TIC-290889135-64-FFI-200s,0.48245227227766346
23,TIC-290889135-65-FFI-200s,0.4836752478903851
24,TIC-301432612-10-FFI-30min,0.5050218637188364
24,TIC-301432612-11-FFI-30min,0.5047752892894232
24,TIC-301432612-37-FFI-10min,0.5051243692578488
24,TIC-301432612-64-FFI-200s,0.016359388116550227
25,TIC-93763678-10-FFI-30min,0.9173839381950725
25,TIC-93763678-64-FFI-200s,0.9152608383441205
25,TIC-93763678-90-FFI-200s,0.9183271392390382
26,TIC-448002486-11-FFI-30min,0.17968492221424154
26,TIC-448002486-38-FFI-10min,0.17966663580138653
26,TIC-448002486-64-SPOC-120,0.17971600706681104
26,TIC-448002486-65-SPOC-120,0.17972813096002574
27,TIC-328468855-11-FFI-30min,1.8520234648847587
27,TIC-328468855-38-FFI-10min,0.6244459212551995
27,TIC-328468855-64-FFI-200s,1.8711925257231363
28,TIC-435899024-11-FFI-30min,0.3636860955697605
28,TIC-435899024-38-FFI-10min,0.3629066595099061
28,TIC-435899024-64-SPOC-120,0.3648130940950326
28,TIC-435899024-65-SPOC-120,0.36396036478926563
29,TIC-973449111-11-FFI-30min,0.6205279549054189
29,TIC-973449111-38-FFI-10min,2.0009250101953313
29,TIC-973449111-64-SPOC-120,0.6233516566983711
29,TIC-973449111-65-SPOC-120,0.6211763102334945
30,TIC-309321971-11-FFI-30min,0.6291841329688532
30,TIC-309321971-38-FFI-10min,0.6303576021202845
30,TIC-309321971-65-FFI-200s,0.6327300336493248
31,TIC-254612758-12-FFI-30min,0.595372679572488
31,TIC-254612758-38-FFI-10min,0.2965923839946284
31,TIC-254612758-65-SPOC-120,0.5933223812573053
32,TIC-364291454-12-FFI-30min,0.3492453687416956
33,TIC-147828926-12-FFI-30min,0.497423625219755
33,TIC-147828926-38-FFI-10min,0.4977736643570664
33,TIC-147828926-65-FFI-200s,0.4964575334013776
34,TIC-176205621-12-FFI-30min,0.42556792246194936
34,TIC-176205621-38-FFI-10min,0.425240797673503
34,TIC-176205621-65-FFI-200s,0.21293645317864154
35,TIC-276502773-11-FFI-30min,0.555560525396266
35,TIC-276502773-38-FFI-10min,0.5550149665372611
35,TIC-276502773-65-FFI-200s,0.5551468029476071
36,TIC-99207324-12-FFI-30min,0.7924901990962014
36,TIC-99207324-38-FFI-10min,0.7937349153552185
36,TIC-99207324-65-SPOC-120,0.7930427178635716
37,TIC-310720311-11-FFI-30min,0.6663533059248722
37,TIC-310720311-37-FFI-10min,0.6643982293837786
37,TIC-310720311-38-FFI-10min,0.6648959153134643
37,TIC-310720311-64-SPOC-120,0.666566434781454
37,TIC-310720311-65-SPOC-120,0.6643882901092165
38,TIC-405970436-11-FFI-30min,0.578099204849578
38,TIC-405970436-37-FFI-10min,0.28845398611159917
38,TIC-405970436-38-FFI-10min,0.2883938341965992
38,TIC-405970436-64-FFI-200s,0.5779970871520018
38,TIC-405970436-65-FFI-200s,0.28865175491163997
39,TIC-406040223-11-FFI-30min,0.3244388524185188
39,TIC-406040223-37-FFI-10min,0.16202420498525882
39,TIC-406040223-38-FFI-10min,0.16199855877384334
39,TIC-406040223-64-SPOC-120,0.16198016484999764
39,TIC-406040223-65-SPOC-120,0.1619812239802781
40,TIC-207621404-11-FFI-30min,0.45095261886759147
40,TIC-207621404-38-FFI-10min,0.4512747469974392
40,TIC-207621404-65-SPOC-120,0.4517268604162062
41,TIC-405695928-11-FFI-30min,1.3388897348696311
41,TIC-405695928-37-SPOC-120,1.3344735180148062
41,TIC-405695928-38-SPOC-120,1.3388489239255563
41,TIC-405695928-64-FFI-200s,1.337720581747494
42,TIC-273821594-10-FFI-30min,0.6617067645344537
42,TIC-273821594-11-FFI-30min,0.6630878644118158
42,TIC-273821594-37-FFI-10min,0.6643984070745605
42,TIC-273821594-38-FFI-10min,0.6648960412155132
42,TIC-273821594-64-FFI-200s,0.6644094563017046
43,TIC-419779703-11-FFI-30min,0.36863283617616044
43,TIC-419779703-37-FFI-10min,0.3693561048638236
43,TIC-419779703-38-FFI-10min,0.3689268885468861
43,TIC-419779703-64-FFI-200s,0.3686384816616656
44,TIC-398768350-10-FFI-30min,0.48931154447425257
44,TIC-398768350-11-FFI-30min,0.4901474201124568
44,TIC-398768350-37-FFI-10min,0.48947888163595804
44,TIC-398768350-64-FFI-200s,0.012870725303671855
45,TIC-288093002-10-FFI-30min,0.43217390430863883
45,TIC-288093002-11-FFI-30min,0.43084197150576864
45,TIC-288093002-37-FFI-10min,0.4310655288507234
45,TIC-288093002-64-SPOC-120,0.4314942257395465
46,TIC-161734785-10-FFI-30min,0.3484116077793581
46,TIC-161734785-11-FFI-30min,0.3486842588989021
46,TIC-161734785-37-FFI-10min,0.34896574407621267
46,TIC-161734785-64-SPOC-120,0.34875558622258046
47,TIC-165904363-10-FFI-30min,0.7527491749500127
47,TIC-165904363-11-FFI-30min,1.4859202627046166
47,TIC-165904363-37-FFI-10min,1.517981282659898
47,TIC-165904363-64-SPOC-120,1.496763897157797
48,TIC-404335106-11-FFI-30min,1.469779876200737
48,TIC-404335106-37-FFI-10min,2.9898318803642856
48,TIC-404335106-38-FFI-10min,
48,TIC-404335106-64-FFI-200s,2.9196190437152687
49,TIC-404387832-11-FFI-30min,0.44210365766309934
49,TIC-404387832-37-FFI-10min,0.4431536641658897
49,TIC-404387832-38-FFI-10min,0.44083848524843205
49,TIC-404387832-64-FFI-200s,0.5095206189006485
50,TIC-328906141-11-FFI-30min,0.4633048275861062
50,TIC-328906141-38-FFI-10min,0.2313839710902597
50,TIC-328906141-65-SPOC-120,0.15419825555150576
51,TIC-329694185-11-FFI-30min,0.13625937129247856
51,TIC-329694185-38-FFI-10min,0.2724926706464153
51,TIC-329694185-65-FFI-200s,0.13638470205791994
52,TIC-330560000-11-FFI-30min,1.3940879885499136
52,TIC-330560000-38-FFI-10min,1.394503464116771
52,TIC-330560000-65-SPOC-120,1.3864546208627249
53,TIC-211513644-11-FFI-30min,0.31684826820410533
53,TIC-211513644-65-SPOC-120,0.6347474501431142
54,TIC-242407571-11-FFI-30min,0.47302237471276193
54,TIC-242407571-38-FFI-10min,0.47202761784524194
54,TIC-242407571-65-SPOC-120,0.23619782433497147
55,TIC-127866051-11-FFI-30min,0.800377713974708
55,TIC-127866051-38-FFI-10min,4.651419806235136
55,TIC-127866051-65-FFI-200s,0.8005480974559817
56,TIC-127246012-11-FFI-30min,0.42705019404012723
56,TIC-127246012-38-FFI-10min,0.08553274438367216
56,TIC-127246012-65-FFI-200s,0.4292137328193058
57,TIC-129309458-11-FFI-30min,0.553000341492932
57,TIC-129309458-38-FFI-10min,0.5525710163902166
57,TIC-129309458-65-FFI-200s,0.2765766036821228
58,TIC-127309526-11-FFI-30min,0.21700028075873878
58,TIC-127309526-38-FFI-10min,0.21706536647842486
58,TIC-127309526-65-SPOC-120,0.4340050933715444
59,TIC-241884143-11-FFI-30min,0.320858636829421
59,TIC-241884143-38-FFI-10min,0.639912143280564
59,TIC-241884143-65-FFI-200s,0.6391098398407205
60,TIC-243499565-11-FFI-30min,1.1967853268500126
60,TIC-243499565-38-SPOC-120,1.195012830188647
60,TIC-243499565-64-SPOC-120,1.1919467102463068
61,TIC-243449997-11-FFI-30min,0.38325037602016526
61,TIC-243449997-38-FFI-10min,0.3826815807382308
61,TIC-243449997-64-FFI-200s,0.38238330861728326
62,TIC-243611773-11-FFI-30min,0.3486843669970127
62,TIC-243611773-38-FFI-10min,0.3495956115094047
62,TIC-243611773-64-SPOC-120,0.3780887180196269
63,TIC-243381460-11-FFI-30min,0.12278003307966245
63,TIC-243381460-38-FFI-10min,0.12279170895240399
64,TIC-179367270-11-FFI-30min,2.608681540139437
64,TIC-179367270-38-SPOC-120,2.614563001265612
64,TIC-179367270-64-FFI-200s,0.009235820444490598
65,TIC-248145126-10-FFI-30min,0.3503517984698648
65,TIC-248145126-11-FFI-30min,0.35049073044715284
65,TIC-248145126-37-FFI-10min,0.35090302112479493
65,TIC-248145126-64-SPOC-120,0.11684072610168918
66,TIC-135162879-10-FFI-30min,0.3776928854034059
66,TIC-135162879-37-FFI-10min,0.3770600817930329
66,TIC-135162879-64-SPOC-120,0.3771180962274933
67,TIC-121840452-11-FFI-30min,0.3785524171582442
67,TIC-121840452-38-FFI-10min,0.3790046625358846
67,TIC-121840452-65-SPOC-120,0.37857086186988465
68,TIC-461643692-11-FFI-30min,0.2054814293144552
68,TIC-461643692-38-FFI-10min,4.4661447009036195
68,TIC-461643692-65-SPOC-120,0.41080910042945035
69,TIC-272398365-11-FFI-30min,0.4838753535112776
69,TIC-272398365-38-FFI-10min,0.4843254226905746
69,TIC-272398365-65-FFI-200s,0.48505088221929665
70,TIC-440686535-42-SPOC-120,0.4619271593435201
70,TIC-440686535-43-SPOC-120,0.46296758544199207
70,TIC-440686535-44-FFI-10min,5.0
70,TIC-440686535-70-FFI-200s,0.4634194576213136
70,TIC-440686535-71-FFI-200s,0.46077835487282576
70,EPIC-211013604-4-EVEREST-1800,0.46272233076451735
71,TIC-440690770-42-FFI-10min,0.23511133108718793
71,TIC-440690770-43-FFI-10min,0.26651099794108624
71,TIC-440690770-44-FFI-10min,0.2674513125334707
71,TIC-440690770-70-SPOC-120,0.26693689076091043
71,TIC-440690770-71-SPOC-120,0.266816487554365
71,EPIC-211016654-4-EVEREST-1800,4.732897955797292
72,TIC-67768181-42-SPOC-120,0.3050867336716964
72,TIC-67768181-43-SPOC-120,0.30468486153597785
72,TIC-67768181-44-SPOC-120,0.3052524562090852
72,TIC-67768181-70-SPOC-120,0.3051454162054485
72,TIC-67768181-71-SPOC-120,0.3048729340870395
72,EPIC-211047687-4-EVEREST-1800,0.152564470230794
73,TIC-14334105-43-FFI-10min,0.1387485573957992
73,TIC-14334105-44-FFI-10min,0.35213595625132704
73,TIC-14334105-70-FFI-200s,0.2774499204256755
73,TIC-14334105-71-FFI-200s,0.27775815430518214
73,EPIC-211057712-4-EVEREST-1800,0.0613355648491676
74,TIC-353927317-42-SPOC-120,0.6077166308830936
74,TIC-353927317-43-SPOC-120,0.6080319525742847
74,TIC-353927317-44-SPOC-120,0.6055465263208609
74,TIC-353927317-70-FFI-200s,0.3029724278809857
74,TIC-353927317-71-FFI-200s,0.6516019455273134
74,EPIC-211070495-4-EVEREST-1800,0.6059190303918719
75,TIC-165184400-3-FFI-30min,0.6619260635147375
75,TIC-165184400-4-SPOC-120,0.6623315491215742
75,TIC-165184400-30-SPOC-120,0.664567884881547
75,TIC-165184400-31-SPOC-120,0.6641845352795956
76,TIC-465268712-10-FFI-30min,0.3186780572374101
76,TIC-465268712-11-FFI-30min,0.3198374767017615
76,TIC-465268712-37-FFI-10min,0.3190254953852504
76,TIC-465268712-38-FFI-10min,0.31946420064331493
76,TIC-465268712-64-FFI-200s,0.3189333100714764
76,TIC-465268712-65-FFI-200s,0.31870216438303894
76,TIC-465268712-90-FFI-200s,0.3187230582169271
77,TIC-370829038-9-FFI-30min,0.35474957617522496
77,TIC-370829038-10-FFI-30min,0.3549297424556495
77,TIC-370829038-11-FFI-30min,0.3550892863242598
77,TIC-370829038-36-FFI-10min,0.35511645851443085
77,TIC-370829038-37-FFI-10min,0.014126522818825543
77,TIC-370829038-38-FFI-10min,0.3551786618671543
77,TIC-370829038-63-FFI-200s,0.3551018836861609
77,TIC-370829038-64-FFI-200s,0.3551195449970593
77,TIC-370829038-65-FFI-200s,0.08382680003112596
77,TIC-370829038-90-SPOC-120,0.35525304215299885
78,TIC-342456426-8-FFI-30min,0.39449459337867065
78,TIC-342456426-9-FFI-30min,0.39445242717332263
78,TIC-342456426-10-FFI-30min,3.619092070397132
78,TIC-342456426-34-FFI-10min,0.3950261054354314
78,TIC-342456426-35-FFI-10min,0.39402311666826034
78,TIC-342456426-36-FFI-10min,0.3941843405050516
78,TIC-342456426-61-SPOC-120,0.3943505892575654
78,TIC-342456426-62-SPOC-120,0.39471128529452587
78,TIC-342456426-63-SPOC-120,0.39417320387487825
78,TIC-342456426-88-SPOC-120,0.1973036893599289
78,TIC-342456426-89-SPOC-120,0.1973513789210022
78,TIC-342456426-90-SPOC-120,0.19717505886441725
79,TIC-92740519-8-FFI-30min,0.4828199644879504
79,TIC-92740519-9-FFI-30min,0.4823943231745686
79,TIC-92740519-35-FFI-10min,0.23566428877379106
79,TIC-92740519-36-FFI-10min,0.2356441527079766
79,TIC-92740519-61-FFI-200s,0.4825667222786976
79,TIC-92740519-62-FFI-200s,0.2355529532750139
79,TIC-92740519-88-FFI-200s,0.007787655632556612
79,TIC-92740519-89-SPOC-120,0.23580057747598976
79,TIC-92740519-90-SPOC-120,0.48339912080801056
80,TIC-353730181-43-SPOC-120,0.5625116471861745
80,TIC-353730181-44-SPOC-120,0.5628311231157439
80,TIC-353730181-70-SPOC-120,0.2813398013077542
80,TIC-353730181-71-SPOC-120,0.28185765762990944
81,TIC-368129164-23-SPOC-120,0.26792285661821025
81,TIC-368129164-50-SPOC-120,0.26816586352806787
81,TIC-368129164-77-SPOC-120,0.2682441321567421
82,TIC-267953787-43-SPOC-120,0.24250448515532344
82,TIC-267953787-44-SPOC-120,0.7271651519971566
82,TIC-267953787-70-SPOC-120,0.7280582739854331
82,TIC-267953787-71-SPOC-120,0.7266783752227967
83,TIC-59836633-43-SPOC-120,0.6227737691572897
83,TIC-59836633-44-SPOC-120,0.6228227829537283
83,TIC-59836633-71-FFI-200s,0.6226054855244642
84,TIC-2234692-19-SPOC-120,0.27122603823607705
84,TIC-2234692-43-SPOC-120,0.2719179825994091
84,TIC-2234692-44-SPOC-120,2.4618773035598127
84,TIC-2234692-45-SPOC-120,0.2720839038475544
84,TIC-2234692-59-FFI-200s,0.27159106784121684
84,TIC-2234692-71-SPOC-120,0.2716781068336317
84,TIC-2234692-73-SPOC-120,0.2718403287503304
84,TIC-2234692-86-SPOC-120,0.27187354695949356
85,TIC-332517282-2-SPOC-120,0.4025400555320367
85,TIC-332517282-29-SPOC-120,0.4028671409850325
85,TIC-332517282-69-SPOC-120,0.4032351538951035
86,TIC-146539195-5-SPOC-120,0.28064561145246786
86,TIC-146539195-32-SPOC-120,0.2804815225036435
87,TIC-264599508-7-SPOC-120,0.3291102644199385
87,TIC-264599508-33-SPOC-120,0.37468521972421426
87,TIC-264599508-44-SPOC-120,0.37555610400440437
87,TIC-264599508-45-SPOC-120,0.3744615290916493
87,TIC-264599508-46-SPOC-120,0.3749840820688394
87,TIC-264599508-71-SPOC-120,0.32954535098000315
87,TIC-264599508-72-SPOC-120,0.3286431092752715
87,TIC-264599508-87-SPOC-120,0.3291648480441647
88,TIC-50745567-6-SPOC-120,0.26436702360522585
88,TIC-50745567-32-SPOC-120,0.26440155283543043
89,TIC-38539720-31-SPOC-120,0.1907894397818149
90,TIC-311092148-31-SPOC-120,0.3273384920445812
91,TIC-68812630-43-SPOC-120,0.12548881677301713
91,TIC-68812630-44-SPOC-120,0.09413279717429089
91,TIC-68812630-71-SPOC-120,0.18826478291144066
92,TIC-118449916-43-SPOC-120,0.5125026287738255
92,TIC-118449916-44-SPOC-120,0.5142467620189378
92,TIC-118449916-70-SPOC-120,0.5138157300653029
92,TIC-118449916-71-SPOC-120,0.5123024328161749
93,TIC-142173958-10-SPOC-120,0.4894008723877286
93,TIC-142173958-37-SPOC-120,0.49042596308385333
93,TIC-142173958-90-SPOC-120,0.5354611381838695
94,TIC-193831684-13-SPOC-120,1.2844484039010098
94,TIC-193831684-39-SPOC-120,1.2960252735741657
94,TIC-193831684-66-SPOC-120,0.6453249564521747
94,TIC-193831684-91-SPOC-120,1.2898996629773927
94,TIC-193831684-92-SPOC-120,0.646427604239763
94,TIC-193831684-93-FFI-200s,0.6476457300124054
95,TIC-38820496-1-SPOC-120,0.32732889128515313
95,TIC-38820496-2-SPOC-120,0.32749346129334833
95,TIC-38820496-27-SPOC-120,0.655144614160265
95,TIC-38820496-28-SPOC-120,0.6558154822886385
95,TIC-38820496-67-FFI-200s,0.005366372541467747
95,TIC-38820496-68-SPOC-120,0.6552565685487733
96,TIC-201898222-2-SPOC-120,0.22266556070018836
96,TIC-201898222-3-SPOC-120,0.22269530757125372
96,TIC-201898222-29-SPOC-120,0.44519645746105047
96,TIC-201898222-30-SPOC-120,0.4465230674980142
96,TIC-201898222-69-FFI-200s,0.4456910411591674
97,TIC-201789285-2-SPOC-120,0.15151247550127037
97,TIC-201789285-3-SPOC-120,0.15148785611925142
97,TIC-201789285-29-SPOC-120,0.15149527996623752
97,TIC-201789285-30-SPOC-120,0.15162666848488063
97,TIC-201789285-69-SPOC-120,0.15166778432833325
98,TIC-144486786-5-SPOC-120,0.28453235959534384
98,TIC-144486786-6-SPOC-120,0.28439833338107806
98,TIC-144486786-32-SPOC-120,0.28415658210572375
98,TIC-144486786-33-SPOC-120,0.2840614873652025
98,TIC-144486786-87-SPOC-120,0.2839849422399615
99,TIC-425937691-1-SPOC-120,0.20061527046472352
99,TIC-425937691-2-SPOC-120,0.1003549854631648
99,TIC-425937691-28-SPOC-120,0.20123412205116786
99,TIC-425937691-29-FFI-10min,0.043299177580026736
99,TIC-425937691-68-SPOC-120,0.10035576046099143
99,TIC-425937691-69-SPOC-120,0.10036196475472783
100,TIC-425933644-1-SPOC-120,0.4859309188081115
100,TIC-425933644-2-SPOC-120,0.4852089106847211
100,TIC-425933644-28-SPOC-120,0.4864981422223257
100,TIC-425933644-29-SPOC-120,0.48614626236903624
100,TIC-425933644-68-SPOC-120,0.4868621258985102
100,TIC-425933644-69-SPOC-120,0.4850692046800781
101,TIC-206544316-1-SPOC-120,0.322040571701036
101,TIC-206544316-2-SPOC-120,0.3221090471012426
101,TIC-206544316-28-SPOC-120,0.3220282998812597
101,TIC-206544316-29-SPOC-120,0.32201804600117884
101,TIC-206544316-68-SPOC-120,0.32206692423557803
101,TIC-206544316-69-SPOC-120,0.3220883142448887
102,TIC-178155030-3-SPOC-120,0.4868031240695769
102,TIC-178155030-4-SPOC-120,0.4864713154763999
102,TIC-178155030-30-SPOC-120,0.48684228833160886
102,TIC-178155030-31-SPOC-120,0.4863403681437891
103,TIC-141306513-4-SPOC-120,0.5584191770377528
103,TIC-141306513-31-SPOC-120,0.5566074434457483
104,TIC-397791443-10-FFI-30min,0.07247126579579369
104,TIC-397791443-11-FFI-30min,0.07243396621488314
104,TIC-397791443-37-SPOC-120,0.2898366386439154
104,TIC-397791443-38-SPOC-120,0.28972996337577517
104,TIC-397791443-63-FFI-200s,0.2899069351592597
104,TIC-397791443-64-FFI-200s,2.8683666321151695
104,TIC-397791443-65-FFI-200s,0.2895391182713673
104,TIC-397791443-90-SPOC-120,0.28964742337626265
105,TIC-177309964-1-SPOC-120,0.45277552959313544
105,TIC-177309964-2-SPOC-120,0.4539730613596787
105,TIC-177309964-3-SPOC-120,0.45408691575162
105,TIC-177309964-4-SPOC-120,0.45395639747959593
105,TIC-177309964-5-SPOC-120,0.453194021344631
105,TIC-177309964-6-SPOC-120,0.45402167317035946
105,TIC-177309964-7-SPOC-120,0.4539156304350819
105,TIC-177309964-8-SPOC-120,0.45323117789659123
105,TIC-177309964-9-SPOC-120,0.4527179150276929
105,TIC-177309964-10-SPOC-120,0.4534169718285629
105,TIC-177309964-11-SPOC-120,0.45383369565043336
105,TIC-177309964-12-SPOC-120,0.4537547340093531
105,TIC-177309964-13-SPOC-120,0.45361525771865974
105,TIC-177309964-27-SPOC-120,0.4539323222787647
105,TIC-177309964-28-SPOC-120,0.4539816902119382
105,TIC-177309964-29-SPOC-120,0.45399943168999385
105,TIC-177309964-30-SPOC-120,0.4531703735475727
105,TIC-177309964-31-SPOC-120,0.453393754851913
105,TIC-177309964-33-SPOC-120,0.45357353127320915
105,TIC-177309964-34-SPOC-120,0.4530585285726783
105,TIC-177309964-35-SPOC-120,0.4539331082885874
105,TIC-177309964-36-SPOC-120,0.4524618643254621
105,TIC-177309964-37-SPOC-120,0.4531150263232488
105,TIC-177309964-38-SPOC-120,0.45311232801676776
105,TIC-177309964-39-SPOC-120,0.45374472990090825
105,TIC-177309964-61-SPOC-120,0.45286369442832364
105,TIC-177309964-62-SPOC-120,0.45303166809869766
105,TIC-177309964-63-SPOC-120,0.45407725131070287
105,TIC-177309964-64-SPOC-120,0.45329553154984725
105,TIC-177309964-65-SPOC-120,0.4526332905851827
105,TIC-177309964-66-SPOC-120,0.4535712400837597
105,TIC-177309964-67-SPOC-120,0.45284485938962066
105,TIC-177309964-68-SPOC-120,0.4527069821161767
105,TIC-177309964-69-SPOC-120,0.45399152604719345
105,TIC-177309964-87-SPOC-120,0.4533908526586774
105,TIC-177309964-88-SPOC-120,0.4525162136614657
105,TIC-177309964-89-SPOC-120,0.4532015899726321
105,TIC-177309964-90-SPOC-120,0.45325413262470976
105,TIC-177309964-93-FFI-200s,0.45262765983897385
106,TIC-300651846-1-FFI-30min,0.3437594183046392
106,TIC-300651846-2-FFI-30min,0.3442004086349653
106,TIC-300651846-3-FFI-30min,0.12388596664832523
106,TIC-300651846-4-FFI-30min,0.34354445401103073
106,TIC-300651846-5-FFI-30min,0.34389558940017134
106,TIC-300651846-6-FFI-30min,0.3444215728086496
106,TIC-300651846-7-FFI-30min,0.34349700403569533
106,TIC-300651846-8-FFI-30min,0.05731555536581802
106,TIC-300651846-9-FFI-30min,0.34386960053669097
106,TIC-300651846-10-FFI-30min,0.34374995029491556
106,TIC-300651846-11-FFI-30min,0.3433748489652677
106,TIC-300651846-12-FFI-30min,0.34362948301714397
106,TIC-300651846-13-FFI-30min,
106,TIC-300651846-27-FFI-10min,0.34363808493963116
106,TIC-300651846-28-FFI-10min,0.34359167796667545
106,TIC-300651846-29-FFI-10min,0.3443138855332333
106,TIC-300651846-30-FFI-10min,0.027052882869882066
106,TIC-300651846-31-FFI-10min,0.34410173556056667
106,TIC-300651846-32-SPOC-120,0.34334834783380813
106,TIC-300651846-33-SPOC-120,0.3437805446906109
106,TIC-300651846-34-SPOC-120,0.34334769749892924
106,TIC-300651846-35-SPOC-120,0.11467499844123853
106,TIC-300651846-36-SPOC-120,0.11466752930484977
106,TIC-300651846-37-SPOC-120,0.11464092738019087
106,TIC-300651846-38-SPOC-120,0.1720744336457651
106,TIC-300651846-39-SPOC-120,0.3433327258540642
106,TIC-300651846-61-SPOC-120,0.34339120702450227
106,TIC-300651846-62-SPOC-120,0.34413891526012697
106,TIC-300651846-63-SPOC-120,0.34402902314404055
106,TIC-300651846-64-SPOC-120,0.34427466375151056
106,TIC-300651846-65-SPOC-120,0.3439695677021482
106,TIC-300651846-66-SPOC-120,0.3435977563265662
106,TIC-300651846-68-SPOC-120,0.3437678915181529
106,TIC-300651846-69-SPOC-120,0.34412291379194293
106,TIC-300651846-87-SPOC-120,0.34407855665286813
106,TIC-300651846-88-SPOC-120,0.3443708615290996
106,TIC-300651846-89-SPOC-120,0.34390425491067445
106,TIC-300651846-90-FFI-200s,3.5866517819666477
106,TIC-300651846-93-FFI-200s,0.3442859936599918
107,TIC-264767454-8-SPOC-120,0.4164385591861954
107,TIC-264767454-9-SPOC-120,0.41664207017288335
107,TIC-264767454-10-SPOC-120,0.41707771636767427
107,TIC-264767454-27-FFI-10min,0.41651401146336137
107,TIC-264767454-34-SPOC-120,0.41703247069663385
107,TIC-264767454-35-SPOC-120,0.4178606586049845
107,TIC-264767454-36-SPOC-120,0.8599748424415858
107,TIC-264767454-37-SPOC-120,0.4174816392657409
107,TIC-264767454-61-FFI-200s,0.8622726634941544
107,TIC-264767454-62-FFI-200s,0.858607330340124
107,TIC-264767454-63-FFI-200s,0.8583433055722623
107,TIC-264767454-67-FFI-200s,0.8577983668070969
107,TIC-264767454-87-FFI-200s,2.3635107020337895
107,TIC-264767454-88-SPOC-120,0.8583477434733633
107,TIC-264767454-89-SPOC-120,0.8583017871523853
107,TIC-264767454-90-SPOC-120,0.8620602968467697
108,TIC-89463560-8-SPOC-120,0.3928857663969487
108,TIC-89463560-9-SPOC-120,0.3935163775683935
108,TIC-89463560-10-SPOC-120,0.39328005457948323
108,TIC-89463560-35-SPOC-120,0.39384254680269154
108,TIC-89463560-36-SPOC-120,0.3936866611939382
108,TIC-89463560-37-SPOC-120,0.39268515123113523
108,TIC-89463560-61-SPOC-120,0.3928335809264814
108,TIC-89463560-62-SPOC-120,0.3925774850294446
108,TIC-89463560-63-SPOC-120,3.9561724946268155
108,TIC-89463560-64-SPOC-120,0.393608234048356
108,TIC-89463560-88-FFI-200s,0.02837745173673924
108,TIC-89463560-89-SPOC-120,0.19654468204589726
108,TIC-89463560-90-SPOC-120,0.3239201360581981
109,TIC-94088626-10-SPOC-120,0.1374207014081209
109,TIC-94088626-37-FFI-10min,0.013889079003705285
109,TIC-94088626-64-FFI-200s,0.27451209432430773
109,TIC-94088626-90-SPOC-120,0.13739940801565395
110,TIC-294328887-1-FFI-30min,0.354260350422121
110,TIC-294328887-2-FFI-30min,0.3540072388717657
110,TIC-294328887-3-FFI-30min,0.3544236016968333
110,TIC-294328887-4-FFI-30min,0.3548422817781221
110,TIC-294328887-5-SPOC-120,0.3545209654824231
110,TIC-294328887-6-FFI-30min,0.3545265825603209
110,TIC-294328887-7-FFI-30min,0.35446762340358823
110,TIC-294328887-8-FFI-30min,0.35465613508160787
110,TIC-294328887-9-FFI-30min,0.3547422976830797
110,TIC-294328887-10-FFI-30min,0.3549225111525762
110,TIC-294328887-11-FFI-30min,0.35415973706848486
110,TIC-294328887-12-FFI-30min,0.3540980325351812
110,TIC-294328887-13-FFI-30min,0.3545934108553223
110,TIC-294328887-27-FFI-10min,0.35464718937901546
110,TIC-294328887-28-FFI-10min,0.35420124635450984
110,TIC-294328887-29-FFI-10min,0.35457999552026653
110,TIC-294328887-30-FFI-10min,0.35450729419956656
110,TIC-294328887-31-FFI-10min,0.35466219011259137
110,TIC-294328887-32-SPOC-120,0.35429333929640017
110,TIC-294328887-33-SPOC-120,0.35411837179674593
110,TIC-294328887-34-SPOC-120,0.35432768170049805
110,TIC-294328887-35-SPOC-120,0.3541551503990554
110,TIC-294328887-36-SPOC-120,0.3545279581963782
110,TIC-294328887-37-SPOC-120,0.3543227419469484
110,TIC-294328887-38-SPOC-120,0.35433571434179484
110,TIC-294328887-39-SPOC-120,0.35468534085575343
110,TIC-294328887-61-FFI-200s,2.738235134689374
110,TIC-294328887-62-FFI-200s,0.35439095148677374
110,TIC-294328887-63-FFI-200s,0.17719804344887347
110,TIC-294328887-64-FFI-200s,0.3541846122771064
110,TIC-294328887-65-FFI-200s,0.35439765382111454
110,TIC-294328887-66-FFI-200s,0.35434739035962376
110,TIC-294328887-67-FFI-200s,0.35417677183654167
110,TIC-294328887-68-FFI-200s,0.35422670338225304
110,TIC-294328887-69-FFI-200s,0.3551637828118635
110,TIC-294328887-87-SPOC-120,0.354518629791467
110,TIC-294328887-88-SPOC-120,0.35442912428598744
110,TIC-294328887-89-SPOC-120,0.354917192247701
110,TIC-294328887-90-SPOC-120,0.35349114596128495
110,TIC-294328887-93-FFI-200s,0.35454423560742887
111,TIC-363963079-7-SPOC-120,0.3256632959931266
111,TIC-363963079-8-SPOC-120,0.32623004026998215
111,TIC-363963079-33-SPOC-120,0.32558885034257307
111,TIC-363963079-34-SPOC-120,0.3255103564807708
111,TIC-363963079-35-SPOC-120,0.32560109411894417
111,TIC-363963079-61-FFI-200s,0.10870044843924445
111,TIC-363963079-62-FFI-200s,0.10868317128626812
111,TIC-363963079-87-SPOC-120,0.08147721316971719
111,TIC-363963079-88-FFI-200s,0.00638518225378671
111,TIC-363963079-89-SPOC-120,0.16277671191296064
112,TIC-402980664-18-SPOC-120,0.7708228582406508
112,TIC-402980664-19-SPOC-120,0.3868751283933186
112,TIC-402980664-25-SPOC-120,0.7701382234868412
112,TIC-402980664-26-SPOC-120,0.7729068842847693
112,TIC-402980664-53-SPOC-120,0.15459737024259823
112,TIC-402980664-58-SPOC-120,0.7711635245199987
112,TIC-402980664-59-SPOC-120,0.7694585833816776
112,TIC-402980664-73-SPOC-120,0.7766750079991388
112,TIC-402980664-78-SPOC-120,0.771028245032171
112,TIC-402980664-79-SPOC-120,0.7746830014161641
112,TIC-402980664-85-SPOC-120,0.7748019607846527
112,TIC-402980664-86-SPOC-120,0.7742010338685567
113,TIC-359892714-11-SPOC-120,0.4723842807524214
113,TIC-359892714-12-SPOC-120,0.47201222577715235
113,TIC-359892714-38-SPOC-120,0.47216699879774554
113,TIC-359892714-39-SPOC-120,0.47213642906662073
113,TIC-359892714-64-SPOC-120,0.23615056639560245
113,TIC-359892714-65-SPOC-120,0.15721728005355254
114,TIC-335598085-11-SPOC-120,0.6635722401427042
114,TIC-335598085-64-SPOC-120,0.6600340159993757
114,TIC-335598085-65-SPOC-120,0.6620784157080716
115,TIC-442571495-12-SPOC-120,0.39972729020352815
115,TIC-442571495-38-SPOC-120,0.39991235763933564
115,TIC-442571495-65-FFI-200s,0.3994670460388439
115,TIC-442571495-91-FFI-200s,
116,TIC-67897871-12-SPOC-120,0.2594793498420163
116,TIC-67897871-65-FFI-200s,0.2595914846050484
116,TIC-67897871-91-SPOC-120,0.2595025041496281
116,EPIC-202724025-2-EVEREST-1800,2.371259041092804
117,TIC-405754448-11-SPOC-120,0.5376904439214574
117,TIC-405754448-37-SPOC-120,0.5388518525307557
117,TIC-405754448-38-SPOC-120,0.5388782213483743
117,TIC-405754448-64-FFI-200s,0.5383226795359966
117,TIC-405754448-65-FFI-200s,0.5383182222585857
118,TIC-405910546-11-FFI-30min,4.821824622398393
118,TIC-405910546-37-SPOC-120,1.5788857981701978
118,TIC-405910546-38-SPOC-120,1.5759678396684846
118,TIC-405910546-64-FFI-200s,4.819264297458329
119,TIC-404144841-11-SPOC-120,0.4476717454379149
119,TIC-404144841-37-SPOC-120,0.223844304130665
119,TIC-404144841-38-SPOC-120,0.22369332360745647
119,TIC-404144841-64-SPOC-120,0.4472489747430695
120,TIC-312410638-11-FFI-30min,1.1658695887659323
120,TIC-312410638-38-SPOC-120,1.1637618484860557
120,TIC-312410638-65-FFI-200s,1.160630479346809
121,TIC-167664935-11-FFI-30min,0.5853710550503474
121,TIC-167664935-38-SPOC-120,0.5844528707681774
121,TIC-167664935-65-FFI-200s,0.5859378291527317
122,TIC-89026133-11-FFI-30min,0.46693031810064867
122,TIC-89026133-38-SPOC-120,0.46635728934723875
122,TIC-89026133-65-FFI-200s,0.23331012124249845
123,TIC-272248916-11-SPOC-120,0.3710364132361213
123,TIC-272248916-38-SPOC-120,2.1079912869838466
123,TIC-272248916-65-FFI-200s,2.1004406082087494
124,TIC-440725886-42-SPOC-120,0.1634211791670221
124,TIC-440725886-43-SPOC-120,0.16340974774321237
124,TIC-440725886-44-SPOC-120,0.16340409070860976
124,TIC-440725886-70-SPOC-120,0.16344161009328312
124,TIC-440725886-71-SPOC-120,0.16336880019575717
125,TIC-234295610-1-SPOC-120,0.7622625233233643
125,TIC-234295610-28-SPOC-120,0.7605103496272747
125,TIC-234295610-68-FFI-200s,0.762364038599715
126,TIC-224283342-2-SPOC-120,0.8874472831804459
126,TIC-224283342-29-SPOC-120,0.8867455573301043
126,TIC-224283342-69-SPOC-120,0.8869356620449873
127,TIC-289840926-1-SPOC-120,0.6488922163046963
127,TIC-289840926-28-SPOC-120,0.19979801291012828
127,TIC-289840926-68-FFI-200s,0.20017561084909966
127,TIC-289840926-92-SPOC-120,0.09998935336395186
128,TIC-141146667-14-FFI-30min,0.08185369149451342
128,TIC-141146667-15-FFI-30min,0.163729818529636
128,TIC-141146667-21-FFI-30min,0.08185738626211377
128,TIC-141146667-41-SPOC-120,0.1638070556789618
128,TIC-141146667-48-SPOC-120,0.1636710890941738
128,TIC-141146667-75-SPOC-120,0.16375271700431177
129,TIC-12779416-91-FFI-200s,1.4536940272006356
129,EPIC-204364515-2-EVEREST-1800,3.5841953320237145
129,EPIC-204364515-15-EVEREST-1800,1.698843231478212
130,TIC-68045555-91-SPOC-120,0.6205303942020237
130,EPIC-203849738-2-EVEREST-1800,0.31007405266247623
131,TIC-68131578-91-SPOC-120,1.8095846355821885
131,EPIC-203692610-2-K2SFF-1800,1.8231890985327617
132,TIC-49165224-91-SPOC-120,0.6335892256476887
132,EPIC-205374937-2-EVEREST-1800,0.27183776171328555
133,TIC-391993423-12-FFI-30min,0.6244974376366518
133,TIC-391993423-39-FFI-10min,0.624572807614038
133,TIC-391993423-91-SPOC-120,0.6260173870364486
133,EPIC-202873945-2-EVEREST-1800,3.584196554600311
134,TIC-203444707-91-SPOC-120,0.5310347317645265
134,EPIC-204296148-2-EVEREST-1800,2.5566598151197
135,TIC-175597010-91-SPOC-120,1.5510265191433297
135,EPIC-203962559-2-EVEREST-1800,3.1024433885606215
136,TIC-175861088-91-SPOC-120,0.48238929365266253
136,EPIC-203927435-2-EVEREST-1800,0.04087641235769745
137,TIC-49040989-91-FFI-200s,1.6652312936190738
137,EPIC-205024957-2-EVEREST-1800,3.5841953502826014
138,TIC-49040871-91-FFI-200s,2.568479555936938
138,EPIC-205046529-2-EVEREST-1800,3.5841953562865894
139,TIC-49585759-91-SPOC-120,1.1246130812752668
139,EPIC-204143627-2-EVEREST-1800,3.5841956536769515
140,TIC-413551134-91-SPOC-120,4.29238318700111
140,EPIC-205483258-2-EVEREST-1800,5.0
141,TIC-220604303-91-SPOC-120,0.3835380663026631
141,EPIC-204882444-2-EVEREST-1800,3.9052370304529895
142,TIC-280160269-91-FFI-200s,0.00827769160659257
142,EPIC-204787516-2-EVEREST-1800,0.4871538096017817
143,TIC-12776845-91-SPOC-120,0.2564390135989958
143,EPIC-204270520-2-EVEREST-1800,3.9052371359664515
143,EPIC-204270520-15-EVEREST-1800,0.3866437089709183
144,TIC-49035618-91-FFI-200s,0.552684484934108
144,EPIC-204783273-2-EVEREST-1800,3.6172359908676106
145,TIC-68167990-91-FFI-200s,4.660608462102917
145,EPIC-203645396-2-EVEREST-1800,3.584195787345536
146,TIC-49691316-91-SPOC-120,0.4250157638780052
146,EPIC-204082531-2-EVEREST-1800,3.584195687629308
147,TIC-202876323-91-SPOC-120,0.47592186475051956
147,EPIC-204321142-2-EVEREST-1800,3.584195811734868
148,TIC-175744495-91-FFI-200s,5.0
148,EPIC-203956650-2-EVEREST-1800,0.04087641146118239
149,TIC-205106701-12-FFI-30min,0.5716736923029571
149,TIC-205106701-39-FFI-10min,0.5722087266267784
149,TIC-205106701-91-FFI-200s,0.5734565011823554
149,EPIC-202687442-2-EVEREST-1800,4.70052180365301
150,TIC-73217080-91-SPOC-120,0.8008702942989107
150,EPIC-204884822-2-EVEREST-1800,3.584196316182786
151,TIC-289840928-1-SPOC-120,0.6488922175275553
151,TIC-289840928-28-SPOC-120,0.19979801333460126
151,TIC-289840928-68-SPOC-120,0.19990210177027887
151,TIC-289840928-92-SPOC-120,0.10000658895102603
152,TIC-92574021-10-FFI-30min,0.7856474572314718
152,TIC-92574021-37-FFI-10min,0.7790169226101639
152,TIC-92574021-63-FFI-200s,0.7870532340283728
152,TIC-92574021-64-FFI-200s,0.7857917551160642
152,TIC-92574021-90-FFI-200s,0.7797299332731821
153,TIC-452345586-10-FFI-30min,2.849070483080314
153,TIC-452345586-11-FFI-30min,1.2521595649995088
153,TIC-452345586-37-FFI-10min,5.0
153,TIC-452345586-64-FFI-200s,3.846069602976708
154,TIC-379774242-11-FFI-30min,0.49192924781268504
154,TIC-379774242-37-FFI-10min,1.0011087282888858
154,TIC-379774242-38-FFI-10min,0.4911387195467062
154,TIC-379774242-64-FFI-200s,0.49125896198980745
154,TIC-379774242-65-FFI-200s,0.49222543996003715
155,TIC-310412874-11-FFI-30min,0.45549767788824985
155,TIC-310412874-37-FFI-10min,0.22808666804434446
155,TIC-310412874-38-FFI-10min,0.38268140045132887
155,TIC-310412874-64-FFI-200s,0.45555041449476025
155,TIC-310412874-65-FFI-200s,0.4561892130059098
156,TIC-311447879-11-FFI-30min,0.9800736614649048
156,TIC-311447879-37-FFI-10min,0.9778784533663449
156,TIC-311447879-38-FFI-10min,0.9762149812688238
157,TIC-311333943-11-FFI-30min,1.8269930303173105
157,TIC-311333943-37-FFI-10min,0.26712238639127495
157,TIC-311333943-64-FFI-200s,0.24123763755944327
157,TIC-311333943-65-FFI-200s,0.2410920085170802
158,TIC-450386147-11-FFI-30min,1.6290334899023473
158,TIC-450386147-37-FFI-10min,0.3247621110912235
158,TIC-450386147-38-FFI-10min,0.5178220063416852
158,TIC-450386147-64-FFI-200s,0.8096666948914488
158,TIC-450386147-65-FFI-200s,0.8114326757234929
159,TIC-272407484-10-SPOC-120,0.47037847361847074
159,TIC-272407484-11-SPOC-120,0.47015427156633854
159,TIC-272407484-37-FFI-10min,0.454300639115499
159,TIC-272407484-38-FFI-10min,0.4703635920231509
159,TIC-272407484-64-FFI-200s,0.45555041449476025
160,TIC-412182239-11-FFI-30min,1.2757716190524049
160,TIC-412182239-37-FFI-10min,1.2733549251388114
160,TIC-412182239-38-FFI-10min,1.2746172144202823
160,TIC-412182239-64-FFI-200s,1.2738155349489482
160,TIC-412182239-65-FFI-200s,1.2793824296444027
161,TIC-165912675-10-FFI-30min,0.22748066900619054
161,TIC-165912675-11-FFI-30min,0.22739005832721854
161,TIC-165912675-37-FFI-10min,0.07578147653775348
161,TIC-165912675-64-FFI-200s,0.07576646032242862
162,TIC-412376751-11-FFI-30min,2.757949848565607
162,TIC-412376751-37-FFI-10min,2.7917638493918786
162,TIC-412376751-38-FFI-10min,2.740680610985854
162,TIC-412376751-64-FFI-200s,2.739634943402996
162,TIC-412376751-65-FFI-200s,2.778183260030081
163,TIC-412376096-11-FFI-30min,2.330450855468191
163,TIC-412376096-37-FFI-10min,0.7557464794689449
163,TIC-412376096-38-FFI-10min,5.0
163,TIC-412376096-64-FFI-200s,5.0
163,TIC-412376096-65-FFI-200s,0.7577869044542788
164,TIC-258583707-11-FFI-30min,0.30402767231021266
164,TIC-258583707-37-FFI-10min,0.303698417983313
164,TIC-258583707-64-FFI-200s,0.3039304567483079
165,TIC-438709950-11-FFI-30min,1.0169017992239182
165,TIC-438709950-37-FFI-10min,4.469683960849698
165,TIC-438709950-38-FFI-10min,0.4294871728454385
165,TIC-438709950-64-FFI-200s,1.0203486716432257
166,TIC-241375625-11-FFI-30min,0.5183102511431316
166,TIC-241375625-38-FFI-10min,0.5613939763805207
166,TIC-241375625-64-FFI-200s,0.280288957632678
166,TIC-241375625-65-FFI-200s,0.28098603612336515
167,TIC-179368022-11-FFI-30min,0.09669514015793106
167,TIC-179368022-38-FFI-10min,0.3859920052051613
167,TIC-179368022-64-FFI-200s,0.19337093978375222
168,TIC-241841997-11-FFI-30min,0.15444166070739943
168,TIC-241841997-38-FFI-10min,0.4223699470363843
168,TIC-241841997-65-FFI-200s,0.4637575923425362
169,TIC-334325329-11-FFI-30min,1.3043575285354592
169,TIC-334325329-38-FFI-10min,1.3058351882755874
169,TIC-334325329-65-SPOC-120,1.3045469800204281
170,TIC-334838280-11-FFI-30min,1.379320396771738
170,TIC-334838280-38-FFI-10min,1.3775075832313148
170,TIC-334838280-65-FFI-200s,1.387678638525593
171,TIC-366178112-11-FFI-30min,0.3647450442982393
171,TIC-366178112-38-FFI-10min,0.3636291084157689
171,TIC-366178112-65-SPOC-120,0.3650524730424709
172,TIC-160539036-11-FFI-30min,0.6451669453900485
172,TIC-160539036-38-FFI-10min,0.6465178401104368
172,TIC-160539036-65-FFI-200s,1.577643858940594
173,TIC-140765939-11-FFI-30min,0.8955297863528229
173,TIC-140765939-38-FFI-10min,0.8893672578727628
173,TIC-140765939-65-FFI-200s,0.004795029253792409
174,TIC-76698847-11-FFI-30min,0.37267426848648083
174,TIC-76698847-38-FFI-10min,0.7465161935499396
174,TIC-76698847-65-FFI-200s,0.37356267491153716
175,TIC-173267960-12-FFI-30min,0.6313609209565472
175,TIC-173267960-38-FFI-10min,0.6334633019611695
175,TIC-173267960-65-FFI-200s,0.39205475428042386
176,TIC-179357494-12-FFI-30min,0.20372101291673966
176,TIC-179357494-38-FFI-10min,0.4072980023431257
176,TIC-179357494-65-FFI-200s,0.4071650433465607
177,TIC-442575691-12-FFI-30min,0.42874399809582986
177,TIC-442575691-38-FFI-10min,0.4281425337397259
177,TIC-442575691-65-FFI-200s,0.13819376698279617
177,TIC-442575691-91-FFI-200s,
178,TIC-84187344-12-FFI-30min,1.1608156288829663
178,TIC-84187344-39-FFI-10min,1.163685664154901
178,TIC-84187344-66-FFI-200s,1.1675934124579033
178,TIC-84187344-93-FFI-200s,5.0
179,TIC-85125492-12-FFI-30min,5.0
179,TIC-85125492-39-FFI-10min,3.786410745326386
179,TIC-85125492-66-FFI-200s,5.0
179,TIC-85125492-93-FFI-200s,2.92128911544189
180,TIC-85356121-12-FFI-30min,0.7227150335660806
180,TIC-85356121-39-FFI-10min,1.439876740213554
180,TIC-85356121-66-FFI-200s,1.4356368426304282
180,TIC-85356121-93-FFI-200s,1.4488662497103486
181,TIC-97239026-12-FFI-30min,0.26353717903923446
181,TIC-97239026-39-FFI-10min,0.2626018067111391
181,TIC-97239026-66-FFI-200s,0.26301063017710147
181,TIC-97239026-91-SPOC-120,0.2631038517266653
181,TIC-97239026-93-FFI-200s,0.2627910980591633
182,TIC-337243787-12-FFI-30min,0.4271583205027253
182,TIC-337243787-39-FFI-10min,0.42683053345453137
182,TIC-337243787-66-FFI-200s,0.21379348281118712
182,TIC-337243787-93-FFI-200s,0.4268714184143784
183,TIC-65347864-3-SPOC-120,0.3195642961710004
183,TIC-65347864-4-SPOC-120,0.3204339422974119
183,TIC-65347864-30-FFI-10min,0.32028177236758265
183,TIC-65347864-31-FFI-10min,0.31985191365951193
184,TIC-15756231-43-SPOC-120,2.9459021284703493
184,TIC-15756231-44-SPOC-120,2.9396401320314394
184,TIC-15756231-70-FFI-200s,0.006149558564157526
184,EPIC-210818897-4-EVEREST-1800,2.837887259090588
185,TIC-16005843-43-SPOC-120,4.013178719334374
185,TIC-16005843-44-SPOC-120,4.008306533777273
185,TIC-16005843-70-FFI-200s,3.907189382599723
185,TIC-16005843-71-FFI-200s,3.912184755034204
185,EPIC-210783336-4-EVEREST-1800,4.126667288384643
186,TIC-456946694-43-SPOC-120,2.736313164875129
186,TIC-456946694-44-SPOC-120,2.725623148920612
186,TIC-456946694-70-SPOC-120,2.7160580818234177
186,TIC-456946694-71-SPOC-120,1.3543411487565928
186,EPIC-247454835-13-EVEREST-1800,2.767279479193767
187,TIC-353752577-43-SPOC-120,3.17335166490721
187,TIC-353752577-44-SPOC-120,1.7913781239606414
187,TIC-353752577-70-FFI-200s,3.2063932624471345
187,TIC-353752577-71-FFI-200s,3.5785380705651404
188,TIC-268397898-43-SPOC-120,1.050635556596617
188,TIC-268397898-44-SPOC-120,1.0423330405741569
188,TIC-268397898-70-FFI-200s,1.0513329842012555
188,TIC-268397898-71-FFI-200s,1.0302863879303523
188,EPIC-247791556-13-EVEREST-1800,1.0261090060220501
189,TIC-61259674-43-SPOC-120,3.1771181022938126
189,TIC-61259674-44-SPOC-120,3.341461670949787
189,TIC-61259674-70-SPOC-120,3.2512817925870947
189,TIC-61259674-71-SPOC-120,3.2529443246538685
189,EPIC-247031423-13-EVEREST-1800,3.109018433904142
190,TIC-118521714-43-FFI-10min,0.9909372834378839
190,TIC-118521714-44-FFI-10min,0.027467941107158268
190,TIC-118521714-70-FFI-200s,1.2146032394880177
190,TIC-118521714-71-FFI-200s,1.208305531150688
190,EPIC-247591948-13-EVEREST-1800,1.196841445991655
191,TIC-118521713-43-FFI-10min,0.06355018455200818
191,TIC-118521713-44-FFI-10min,0.014952397281418953
191,TIC-118521713-70-FFI-200s,1.2146032394880177
191,TIC-118521713-71-FFI-200s,1.208305531150688
191,EPIC-247592103-13-EVEREST-1800,1.1968414466625497
192,TIC-245792696-43-FFI-10min,3.559801475067306
192,TIC-245792696-44-FFI-10min,4.00808583316523
192,TIC-245792696-70-FFI-200s,3.6775405075930223
192,TIC-245792696-71-FFI-200s,3.6832500654578766
192,EPIC-210554781-13-EVEREST-1800,3.5785653571492926
193,TIC-268510346-43-SPOC-120,1.4772846472080212
193,TIC-268510346-44-SPOC-120,1.4995169865419145
193,TIC-268510346-70-FFI-200s,1.4892449816833662
193,TIC-268510346-71-FFI-200s,1.495399006720568
193,EPIC-247888948-13-EVEREST-1800,1.4887947633839378
194,TIC-245869001-43-FFI-10min,5.0
194,TIC-245869001-44-FFI-10min,3.43947514588528
194,TIC-245869001-70-FFI-200s,3.12628851746904
194,TIC-245869001-71-FFI-200s,4.171501065949564
194,EPIC-246932950-13-EVEREST-1800,3.2338163383293543
195,TIC-60005364-43-SPOC-120,4.802486290658424
195,TIC-60005364-44-SPOC-120,5.0
195,TIC-60005364-71-SPOC-120,3.434599392143644
195,EPIC-247857331-13-EVEREST-1800,3.4856671835245874
196,EPIC-246650193-13-EVEREST-1800,2.928214042981315
197,TIC-160329609-6-SPOC-120,1.0195612565473415
197,TIC-160329609-32-SPOC-120,1.0157902045047043
197,TIC-160329609-33-SPOC-120,1.0106624077718913
197,TIC-160329609-87-SPOC-120,1.012173580373159
198,TIC-148646689-11-SPOC-120,0.556781118417509
198,TIC-148646689-38-SPOC-120,0.4434430759855746
198,TIC-148646689-65-FFI-200s,0.5575990754626697
199,TIC-245834739-5-FFI-30min,0.4356070736008526
199,TIC-245834739-32-FFI-10min,0.43602348134393737
199,TIC-245834739-43-SPOC-120,0.4366161219345617
199,TIC-245834739-44-SPOC-120,0.43584492470105507
199,TIC-245834739-70-SPOC-120,0.4368822424719466
199,TIC-245834739-71-SPOC-120,0.4369143287966326
200,TIC-125843782-43-SPOC-120,1.8407214238485092
200,TIC-125843782-44-SPOC-120,1.8508692401211648
200,TIC-125843782-70-SPOC-120,3.8648890751676657
200,TIC-125843782-71-SPOC-120,1.850996958019968
200,EPIC-248131102-13-EVEREST-1800,1.843006889840189
201,TIC-244161191-3-SPOC-120,0.2988324140026387
201,TIC-244161191-30-SPOC-120,0.3495768988169759
201,TIC-244161191-42-FFI-10min,
201,TIC-244161191-70-SPOC-120,0.3495547203720163
202,TIC-231058925-2-SPOC-120,0.3699420074371764
202,TIC-231058925-3-SPOC-120,0.36965199353918554
202,TIC-231058925-29-SPOC-120,0.3696703811220708
202,TIC-231058925-30-SPOC-120,0.3693769582917091
202,TIC-231058925-69-SPOC-120,0.3695296480263169
203,TIC-301676454-46-SPOC-120,0.3827029125982591
203,TIC-301676454-72-FFI-200s,4.266735650620639
204,TIC-58084670-14-FFI-30min,0.04291582392283904
204,TIC-58084670-41-SPOC-120,0.4655067609672267
204,TIC-58084670-54-SPOC-120,0.46468196752842966
204,TIC-58084670-55-SPOC-120,0.464844508553006
204,TIC-58084670-74-SPOC-120,0.4657036480223429
204,TIC-58084670-75-SPOC-120,0.4651975172736999
204,TIC-58084670-81-SPOC-120,0.4660619113267539
205,TIC-67745212-5-FFI-30min,0.21320803263475907
205,TIC-67745212-32-SPOC-120,0.10655370872295505
206,TIC-5714469-10-SPOC-120,0.43101945388745855
206,TIC-5714469-36-FFI-10min,2.554847797572324
206,TIC-5714469-63-FFI-200s,0.4319026154366812
206,TIC-5714469-90-SPOC-120,0.43234410389626005
207,TIC-259586708-3-SPOC-120,0.4709756712866529
207,TIC-259586708-4-SPOC-120,0.47027621210268944
207,TIC-259586708-5-SPOC-120,0.4696329085045615
207,TIC-259586708-6-SPOC-120,0.4696808769600042
207,TIC-259586708-30-SPOC-120,0.9325860329474204
207,TIC-259586708-31-SPOC-120,0.9319581250906016
207,TIC-259586708-32-SPOC-120,0.9310960869430505
0,EPIC-246676629-13-K2SFF-1800,0.6252116065613604
1,EPIC-246682490-13-K2SFF-1800,3.631414522608158
2,EPIC-247343526-13-K2SFF-1800,0.3567672603384148
3,EPIC-203354381-2-K2SFF-1800,0.599226657179812
4,EPIC-203636498-2-K2SFF-1800,0.7771393448063226
5,EPIC-203821589-2-K2SFF-1800,0.9104748491123718
6,EPIC-203897692-2-K2SFF-1800,2.968994773348701
7,EPIC-204060981-2-K2SFF-1800,0.3995824819792192
8,EPIC-204185983-2-K2SFF-1800,1.051316622861955
9,EPIC-204099739-2-K2SFF-1800,0.7154245490515055
10,EPIC-205267399-2-K2SFF-1800,0.33096425771658367
11,EPIC-203050730-2-K2SFF-1800,0.4863748944625088
12,EPIC-203185083-2-K2SFF-1800,0.43997340062197565
13,EPIC-203534383-2-K2SFF-1800,0.2783992613709851
14,EPIC-203462615-2-K2SFF-1800,0.5203465900261043
15,EPIC-204066898-2-K2SFF-1800,0.39550289682774864
15,EPIC-204066898-15-K2SFF-1800,0.395365443706566
16,EPIC-204117263-2-K2SFF-1800,0.6419233289877043
17,EPIC-204367193-2-K2SFF-1800,0.4833401046521272
18,EPIC-205110559-2-K2SFF-1800,0.4029071869281641
19,EPIC-204918279-2-K2SFF-1800,0.23315758102337503
20,EPIC-204897050-2-K2SFF-1800,0.26380117038101253
70,EPIC-211013604-4-K2SFF-1800,0.4630726470395315
71,EPIC-211016654-4-K2SFF-1800,0.26717787714999874
72,EPIC-211047687-4-K2SFF-1800,0.15251631221498815
73,EPIC-211057712-4-K2SFF-1800,0.2775576239538749
74,EPIC-211070495-4-K2SFF-1800,0.6063524969020139
116,EPIC-202724025-2-K2SFF-1800,0.2595593368907617
129,EPIC-204364515-2-K2SFF-1800,3.087302031056834
129,EPIC-204364515-15-K2SFF-1800,3.078967360887038
130,EPIC-203849738-2-K2SFF-1800,0.30979064465436357
131,EPIC-203692610-2-K2SFF-1800,1.8231890985327617
132,EPIC-205374937-2-K2SFF-1800,0.2717588645483072
133,EPIC-202873945-2-K2SFF-1800,0.626355212558023
134,EPIC-204296148-2-K2SFF-1800,0.5317753349843265
135,EPIC-203962559-2-K2SFF-1800,1.5401615795703258
136,EPIC-203927435-2-K2SFF-1800,0.16057616422275828
137,EPIC-205024957-2-K2SFF-1800,1.6663398597357932
138,EPIC-205046529-2-K2SFF-1800,2.557388301500654
139,EPIC-204143627-2-K2SFF-1800,1.1213073140501293
140,EPIC-205483258-2-K2SFF-1800,2.83846747918561
141,EPIC-204882444-2-K2SFF-1800,0.38299035093215744
142,EPIC-204787516-2-K2SFF-1800,0.48698568106438217
143,EPIC-204270520-2-K2SFF-1800,0.5120921592404164
143,EPIC-204270520-15-K2SFF-1800,0.386536783181346
144,EPIC-204783273-2-K2SFF-1800,1.1116538706214296
145,EPIC-203645396-2-K2SFF-1800,0.6283868612649596
146,EPIC-204082531-2-K2SFF-1800,0.6516417037265404
147,EPIC-204321142-2-K2SFF-1800,0.4762102467729411
148,EPIC-203956650-2-K2SFF-1800,0.675504261062174
149,EPIC-202687442-2-K2SFF-1800,3.6727008193140183
150,EPIC-204884822-2-K2SFF-1800,0.7979495579878625
184,EPIC-210818897-4-K2SFF-1800,2.8439237952819574
185,EPIC-210783336-4-K2SFF-1800,4.152434567247354
186,EPIC-247454835-13-K2SFF-1800,2.7716190382481916
187,EPIC-210690598-13-K2SFF-1800,3.5035477334377494
188,EPIC-247791556-13-K2SFF-1800,1.0268526906148827
189,EPIC-247031423-13-K2SFF-1800,3.094897864392603
190,EPIC-247591948-13-K2SFF-1800,1.1966559296709844
191,EPIC-247592103-13-K2SFF-1800,1.196655930315299
192,EPIC-210554781-13-K2SFF-1800,3.598578965522711
193,EPIC-247888948-13-K2SFF-1800,1.4873214135234754
194,EPIC-246932950-13-K2SFF-1800,2.346730086614161
195,EPIC-247857331-13-K2SFF-1800,3.47297769992941
196,EPIC-246650193-13-K2SFF-1800,2.935136070336381
200,EPIC-248131102-13-K2SFF-1800,1.8375189328549144
201,EPIC-60019763-1-K2SFF-1800,
