TIC,gaiadr3_source_id,epic_id,per,per2,group,age_Myr,discovery_paper_author,discovery_paper_year,g_absmag,phot_g_mean_mag,phot_g_mean_flux_over_error,bp_absmag,phot_bp_mean_mag,phot_bp_mean_flux_over_error,rp_absmag,phot_rp_mean_mag,phot_rp_mean_flux_over_error,ra,ra_error,dec,dec_error,parallax,parallax_error,ruwe
59129133,3392549449695395968,246676629,0.6253,0.6332,Taurus,2.0,Stauffer,2018,8.059672612942736,14.047401,628.8691,9.687812612942736,15.675541,130.90111,6.807318612942735,12.795047,170.53827,74.86843172888425,0.111448176,14.2732197353785,0.07336929,6.345331597315533,0.12357116,7.779637
59091144,3392553852037339776,246682490,0.4377,3.6324,Taurus,2.0,Stauffer,2018,7.817309308561775,13.905177,717.9302,8.750867308561775,14.838735,123.28332,6.066332308561774,12.1542,244.21819,74.76961528990552,0.11716337,14.34887080862146,0.07761343,6.059355898783959,0.12780744,2.98668
118769116,3411342134934571520,247343526,0.3568,,Taurus,2.0,Stauffer,2018,10.708788098927736,16.093126,390.14764,12.928357098927735,18.312695,45.44385,9.329026098927736,14.713364,158.97375,70.22261543166712,0.06200683,20.9295690834417,0.032551028,8.377846902940108,0.069918126,1.1280006
175594111,6045818685674325760,203354381,0.5993,,Upper Scorpius,10.0,Stauffer,2018,8.297371386626343,14.057186,203.00876,9.967827386626343,15.727642,51.983067,7.041096386626343,12.800911,74.107574,246.61604560736305,0.04654033,-26.42099910213028,0.02787163,7.047532337875181,0.0502165,2.3595994
322928171,6048612514663537280,203636498,0.7794,,Upper Scorpius,10.0,Stauffer,2018,9.802926088894615,15.438386,1163.3422,11.935682088894616,17.571142,154.15886,8.448630088894618,14.08409,519.72296,245.2712221631372,0.042178884,-25.46188783535301,0.024444086,7.4629067962458,0.04655572,1.1250278
175743566,6049078741946841856,203821589,0.6677,0.9105,Rho Ophiuchi,1.0,Stauffer,2018,9.3231354127823,14.982268,1449.7803,11.926562412782303,17.585695,75.20912,7.897062412782303,13.556195,654.62787,246.99979162613235,0.054677285,-24.80547888953024,0.031193456,7.38199051014557,0.062433496,1.0501082
98689067,6049136569386567296,203897692,0.6043,0.5011,Rho Ophiuchi,1.0,Stauffer,2018,10.470194742830213,16.120829,947.54706,13.638162742830213,19.288797,32.74726,8.955880742830212,14.606515,246.24634,246.4837074578255,0.0726591,-24.50426153960784,0.03955911,7.410937464131802,0.08702926,0.98846084
49072162,6049979104536677632,204060981,0.3996,0.3802,Upper Scorpius,10.0,Stauffer,2018,7.974240650688129,13.695468,999.7422,9.69699665068813,15.418224,184.51717,6.711997650688129,12.433225,382.2436,242.734073619829,0.02560718,-23.82481988484815,0.015046486,7.173886976291808,0.029427918,1.5090948
203822419,6050952515921144192,204185983,1.0529,,Rho Ophiuchi,1.0,Stauffer,2018,,12.7641535,107.91457,,14.033722,145.16576,,11.336014,207.40823,246.4701052703044,1.7893513,-23.326863062346664,1.0901842,,,
48908525,6242105876588253056,204099739,0.7428,0.7158,Upper Scorpius,10.0,Stauffer,2018,7.346830435108957,13.096745,502.325,8.798355435108958,14.54827,123.41345,6.162453435108958,11.912368,212.29546,242.1628229203397,0.040036034,-23.66834039136272,0.028931234,7.079736385787456,0.04461005,2.6888916
49815071,6246044017998844160,205267399,0.3344,0.3311,Upper Scorpius,10.0,Stauffer,2018,8.901932219399644,14.171144,740.32587,10.700244219399645,15.969456,180.39526,7.619646219399645,12.888858,297.62115,244.67446384790136,0.03284084,-18.54452635779301,0.019632217,8.834005064056253,0.033174075,1.5612949
204792541,6044751575283331840,203050730,0.4865,0.774,Upper Scorpius,10.0,Stauffer,2017,8.843582722940694,14.679148,755.3597,10.638412722940693,16.473978,130.84836,7.560025722940693,13.395591,287.60483,247.77409823576664,0.039014626,-27.4295835253529,0.026298614,6.8059216407903484,0.042850062,1.7696596
205060766,6044838303564444544,203185083,0.44,,Upper Scorpius,10.0,Stauffer,2017,8.892774984723673,14.942842,281.45102,10.79870298472367,16.84877,61.605587,7.581532984723672,13.6316,106.53299,248.64637401645888,0.038694683,-26.967609476753427,0.023576865,6.1657597300040345,0.04311837,1.2446789
68502886,6048717277503393792,203534383,0.2784,0.3234,Upper Scorpius,10.0,Stauffer,2017,10.58300106552597,16.52324,1066.0192,12.969625065525967,18.909864,33.652393,9.170772565525969,15.1110115,373.1089,243.51240762212063,0.062517725,-25.814878535154072,0.03733626,6.485630660280696,0.07316287,1.06201
66750314,6235428336315960576,203462615,0.5201,0.4421,Upper Scorpius,10.0,Stauffer,2017,8.874271845255329,14.526533,905.2344,10.863313845255329,16.515575,109.11035,7.554353845255328,13.206615,291.53433,239.9085645277876,0.039415695,-26.05661856069296,0.028383622,7.405387165317243,0.04355143,1.3973713
12659333,6237069013821425408,204066898,0.3956,0.5386,Upper Scorpius,10.0,Stauffer,2017,8.762816156681087,14.224256,803.2726,10.460157156681086,15.921597,191.63301,7.510899156681086,12.972339,378.29996,239.650836555846,0.027823033,-23.800667000452663,0.021222662,8.085595878833814,0.034859903,1.502884
49072492,6242145626506129664,204117263,0.6423,,Upper Scorpius,10.0,Stauffer,2017,9.635909508013157,15.320228,782.57935,11.635206508013155,17.319525,127.20822,8.311085508013157,13.995404,327.53748,242.75877100180963,0.040038858,-23.597485617047663,0.023928262,7.296864835336202,0.044640016,1.1669052
49198167,6242649340270424704,204367193,0.4835,,Upper Scorpius,10.0,Stauffer,2017,12.520974257424804,18.291615,310.94885,15.191582257424804,20.962223,9.3548565,11.062619257424805,16.83326,105.243256,242.97660775564657,0.23470502,-22.613757580453104,0.16605881,7.012483485327592,0.24974503,1.0160235
49518818,6245595108015533824,205110559,0.4031,,Upper Scorpius,10.0,Stauffer,2017,9.623051198357915,15.295799,846.72424,11.817008198357916,17.489756,84.41786,8.261904198357916,13.934652,331.9525,243.83204735351129,0.04552021,-19.352129420164463,0.026417539,7.335849952155242,0.048775177,1.178794
220765024,6246944689821248128,204918279,0.4665,0.4594,Upper Scorpius,10.0,Stauffer,2017,,14.801647,97.49508,,16.495752,239.00494,,13.031375,529.337,239.10456230171408,5.899207,-20.27118593014593,3.8308744,,,
9669706,6247083125210430080,204897050,0.2639,,Upper Scorpius,10.0,Stauffer,2017,9.893735294362566,15.615209,677.45355,12.166872294362564,17.888346,102.32672,8.507133294362566,14.228607,219.0111,240.4206950239657,0.0697751,-20.369017437115826,0.035402697,7.173073135794243,0.07373509,1.2985101
280945693,5234117008292638464,,0.6363,,Lower Centaurus-Crux,16.0,Stauffer,2021,8.484367597239405,13.450549,799.8202,10.192527597239405,15.158709,171.65584,7.226213597239404,12.192395,305.6209,174.06969017573073,0.0140277045,-69.46431784503775,0.0130687095,10.156959469695384,0.015580046,1.1615247
296790810,5236296171620605824,,0.3713,,UCL/LCC,16.0,Stauffer,2021,8.595555095208361,13.7255125,662.1501,10.40357259520836,15.53353,174.18153,7.30944859520836,12.439406,245.00838,176.60696561645332,0.022895241,-66.69314473735476,0.022864128,9.419080726392943,0.02711085,1.9867646
290889135,5237270068366411392,,0.4835,0.3072,UCL/LCC,16.0,Rebull,2022,7.692353936766343,12.785272,380.7253,9.057560936766343,14.150479,84.18051,6.528429936766342,11.621348,148.06961,173.9842259277706,0.08328232,-65.5033821431924,0.09380033,9.581122377658312,0.10566385,8.890847
301432612,5341919587915807616,,0.5044,,UCL/LCC,16.0,Stauffer,2021,8.681922909368073,13.850112,710.563,10.204725909368074,15.372915,149.71925,7.473969409368074,12.6421585,287.78815,178.51962164382067,0.01071281,-58.044739411999544,0.010922208,9.2546965186246,0.014126481,1.143178
93763678,5345273648130813696,,0.9156,,UCL/LCC,16.0,Rebull,2022,10.1424202984824,15.416855,1167.0059,11.9802952984824,17.25473,133.34155,8.851008298482402,14.125443,494.54202,175.84339418088027,0.022054074,-53.45319140117892,0.019797675,8.812782659413871,0.029304218,1.0756918
448002486,5856059166484152320,,0.3593,,UCL/LCC,16.0,Stauffer,2021,9.498806498682477,14.7112665,578.2694,11.370038998682476,16.582499,110.20571,8.193824998682476,13.406285,172.80562,185.4085341847625,0.018246153,-69.14392916422017,0.019024508,9.0679266761811,0.023042597,1.2200902
328468855,5856567140866125440,,1.862,,UCL/LCC,16.0,Rebull,2022,8.383792375851312,13.481029,1500.9325,9.809511375851311,14.906748,379.9489,7.209341375851313,12.306578,618.1709,190.75677383761345,0.010659835,-67.9390472702317,0.011589331,9.562086656386445,0.013462738,1.0962032
435899024,5861945711251717888,,0.3634,,UCL/LCC,16.0,Stauffer,2021,8.97891631470175,14.023056,455.88336,10.720302314701753,15.764442,105.51317,7.713428314701749,12.757568,166.29886,193.09477601636175,0.0137626715,-64.31086838797087,0.014183586,9.79878126000066,0.018665403,1.1421024
973449111,5868286560427916160,,0.621,,UCL/LCC,16.0,Stauffer,2021,8.790044597483028,13.907976,2281.8667,10.233469597483028,15.351401,176.73514,7.5778750974830285,12.6958065,307.47885,199.89959329837055,0.0118443435,-62.57685943306821,0.012450045,9.47138999410626,0.017166235,1.2761948
309321971,5901773217829654912,,0.6314,,UCL/LCC,16.0,Rebull,2022,8.389004134732653,14.123182,764.41473,9.872360134732654,15.606538,129.82236,7.1979531347326535,12.932131,360.9266,223.90749410572704,0.06438443,-49.574334010620525,0.062152445,7.131229723971337,0.08090985,4.482576
254612758,5988925319818253696,,0.5939,,UCL/LCC,16.0,Stauffer,2021,7.6815974021117714,13.801726,1548.37,9.189499402111773,15.309628,352.80542,6.481340402111771,12.601469,743.9699,236.28465134424192,0.02075164,-44.43549167038747,0.016867237,5.9699993029594625,0.029585794,1.5623534
364291454,5996407565146180992,,0.3495,0.406,UCL/LCC,16.0,Rebull,2022,9.176068385814814,14.579547,764.4705,10.978014385814811,16.381493,207.59003,7.892628385814813,13.296107,286.72183,239.0293761820178,0.02785355,-40.01003574230083,0.0201801,8.304323846516889,0.03560196,1.293086
147828926,5999293989334501888,,0.4973,,UCL/LCC,16.0,Rebull,2022,7.96124872343675,13.845657,400.851,9.364050723436751,15.248459,84.80979,6.77610772343675,12.660516,161.6302,230.73822433827704,0.0188679,-45.93865048575544,0.018365117,6.654544669829071,0.024191497,1.4043115
176205621,6001888939853401728,,0.4258,,UCL/LCC,16.0,Rebull,2022,8.484381405649355,14.357978,965.325,10.081068405649356,15.954665,235.63077,7.252663405649356,13.12626,396.12482,235.55291809645385,0.028509298,-41.16538596749024,0.022690313,6.687760026313424,0.03566082,1.830861
276502773,6004379539837518080,,0.5553,,UCL/LCC,16.0,Rebull,2022,9.124887733190764,15.210546,597.30176,10.724573733190764,16.810232,114.59614,7.888828733190763,13.974487,179.73259,228.641118175234,0.02206597,-40.90546223723453,0.022205632,6.065524295512433,0.030075014,1.0850546
99207324,6011565879115186816,,0.7912,,UCL/LCC,16.0,Stauffer,2021,10.5050612398673,15.622938,504.4802,12.1868142398673,17.304691,100.90642,9.0820602398673,14.199937,228.45847,236.52504820209285,0.064377375,-35.41965647402861,0.04544955,9.471628332775024,0.08419178,2.166713
310720311,6053706655144658688,,0.6651,,UCL/LCC,16.0,Stauffer,2021,7.98299763274253,13.083338,399.8503,9.38045563274253,14.480796,64.82585,6.80081863274253,11.901159,168.30511,185.47122124462413,0.033666585,-63.79269605668178,0.032750066,9.548429075210374,0.044145554,3.5406013
405970436,6056701037640956288,,0.5772,,UCL/LCC,16.0,Rebull,2022,9.274858709284738,14.36152,747.33887,10.959265709284736,16.045927,169.4034,8.027192709284737,13.113854,285.13824,192.7443111941952,0.012011516,-59.566770004246344,0.014093521,9.6087687571124,0.018761178,1.1459315
406040223,6057147611155597440,,0.3242,,UCL/LCC,16.0,Stauffer,2021,9.6937737386075,14.927126,328.5774,11.5789797386075,16.812332,79.4232,8.3996647386075,13.633017,113.36394,193.841440947328,0.016431617,-58.77823018979762,0.020214222,8.981100323768048,0.029269222,1.1056973
207621404,6064353054428529152,,0.4514,,UCL/LCC,16.0,Stauffer,2021,8.848912258916307,14.571309,340.5485,10.441404258916307,16.163801,72.39201,7.624047258916308,13.346444,129.15137,206.88657756139875,0.012528277,-55.550468341487125,0.01576843,7.170024700213291,0.02297609,1.1364818
405695928,6073671037505307904,,1.3392,,UCL/LCC,16.0,Rebull,2022,8.846152055160669,14.167015,1585.6082,10.30154505516067,15.622408,357.64307,7.65456305516067,12.975426,626.2831,192.1088492385783,0.009771605,-55.63780974524772,0.011890829,8.626356675499204,0.01952228,1.1391916
273821594,6074279754632630272,,0.6642,,UCL/LCC,16.0,Rebull,2022,8.802250604242536,13.893891,1856.2845,10.357526604242535,15.449167,323.32672,7.582724604242536,12.674365,652.65564,189.10404806816555,0.0102033,-55.119565019368736,0.011664746,9.58676145023886,0.018662924,1.2014313
419779703,6074797246644014720,,0.3689,,UCL/LCC,16.0,Rebull,2022,9.554544092708888,14.59447,1420.875,11.358367092708887,16.398293,278.50275,8.264729092708889,13.304655,514.28845,191.62999482430325,0.025079899,-54.07534088999357,0.023559773,9.817814417672976,0.04224253,1.8795624
398768350,6075429981240520704,,0.4899,,UCL/LCC,16.0,Stauffer,2021,8.241500458176175,13.309187,301.68387,9.691881458176177,14.759568,76.13915,7.059207458176175,12.126894,126.6083,180.33251060987376,0.051541023,-56.8174355858792,0.053249806,9.693099964847113,0.07553211,6.72877
288093002,6076050346312676608,,0.4315,,UCL/LCC,16.0,Stauffer,2021,8.765371178358373,13.855096,646.7903,10.309863178358372,15.399588,159.73186,7.549022178358374,12.638747,246.9019,185.11668836359007,0.011333721,-54.5937161789403,0.012718629,9.595222186097232,0.019975007,1.2634372
161734785,6079297818307636096,,0.3487,,UCL/LCC,16.0,Stauffer,2021,9.336582669184754,15.15759,711.7496,10.983700669184756,16.804708,124.96468,8.096822669184753,13.91783,233.40378,190.4467674549668,0.019107962,-51.16846702333641,0.019179529,6.851703070199447,0.030902782,1.1337171
165904363,6079467216120374784,,1.4963,,UCL/LCC,16.0,Rebull,2022,9.408428600055991,14.636546,1666.1709,11.045274600055992,16.273392,252.21973,8.173497600055992,13.401615,622.371,192.4253764298918,0.011495936,-49.88781321256721,0.016598918,9.002777565221546,0.024460424,1.0799884
404335106,6081131979803083136,,2.9329,,UCL/LCC,16.0,Rebull,2022,8.860161253230437,13.927269,1311.5139,10.337355253230436,15.404463,318.15463,7.676514253230437,12.743622,642.45996,195.82388991548189,0.014313213,-51.83695550250096,0.012942647,9.69568395627295,0.020063585,1.231233
404387832,6081508322019767296,,0.4423,0.2548,UCL/LCC,16.0,Rebull,2022,9.020437779640597,14.269439,917.3619,10.771285779640596,16.020287,164.9734,7.750869779640597,12.999871,342.36972,195.9763670781737,0.021915808,-50.250587707972414,0.025814125,8.916609677692584,0.04088292,1.7109753
328906141,6089133916200093696,,0.463,,UCL/LCC,16.0,Stauffer,2021,9.185639951875888,15.008779,1178.5015,10.88032595187589,16.703465,145.98064,7.929841951875888,13.752981,406.848,211.4774638644519,0.023190415,-52.43343221709856,0.022760523,6.844980107906206,0.031895734,1.3392518
329694185,6089460471148907008,,0.2726,,UCL/LCC,16.0,Rebull,2022,10.74204991223556,16.173084,550.1235,12.96146791223556,18.392502,76.460304,9.37231541223556,14.8033495,172.68138,212.47220185554343,0.040218636,-52.288215850608985,0.052460175,8.199609736126469,0.066446796,0.97399837
330560000,6089681782226103680,,1.3899,,UCL/LCC,16.0,Stauffer,2021,10.649844624538348,16.1617,761.1285,12.544302624538348,18.056158,77.65852,9.345866624538347,14.857722,261.08133,213.60214003676015,0.039205927,-51.055370636156105,0.042939622,7.90003335434201,0.055964436,1.0447961
211513644,6091694403899673728,,0.6336,,UCL/LCC,16.0,Stauffer,2021,8.396310382132503,13.878517,875.1615,9.893663382132504,15.37587,186.18169,7.1981763821325035,12.680383,421.1365,217.0397788188554,0.018048152,-49.26271183288056,0.020875152,8.008638238785657,0.026686966,1.4997633
242407571,6095898695842130048,,0.4722,,UCL/LCC,16.0,Stauffer,2021,7.8134876643173214,13.061971,633.44794,9.340602664317322,14.589086,174.88156,6.606801664317322,11.855285,287.0804,213.60354377420435,0.028737942,-45.94539254701264,0.02659045,8.918736495515118,0.032760244,2.1228707
127866051,6097896886432620160,,0.7988,,UCL/LCC,16.0,Rebull,2022,10.138750416995268,15.804166,469.3802,11.927497416995267,17.592913,87.80688,8.855791416995269,14.521207,229.93062,218.3910033629526,0.047008134,-47.73183233092712,0.054518092,7.360662134195377,0.06513295,1.0047102
127246012,6099073363870236800,,0.4274,0.1069,UCL/LCC,16.0,Rebull,2022,9.46954376328518,15.648744,671.1993,11.35795676328518,17.537157,106.168755,8.17214576328518,14.351346,317.9285,217.1240196057819,0.02808817,-45.95422679657735,0.03824465,5.8097835512462055,0.048716284,1.1629603
129309458,6100482559819865856,,0.5533,,UCL/LCC,16.0,Rebull,2022,9.449552436053413,14.780856,966.6501,11.141209436053412,16.472513,210.01903,8.204809436053413,13.536113,311.17102,220.92934017198283,0.027730051,-43.632180598602545,0.023820998,8.584979989459423,0.03185067,1.0725826
127309526,6102553352528751104,,0.217,,UCL/LCC,16.0,Stauffer,2021,8.376886829753133,14.4267435,631.8602,10.091146329753132,16.141003,124.36542,7.119586329753131,13.169443,251.83488,216.99835511783616,0.029735679,-43.44139700382107,0.026504505,6.166357020452624,0.034981437,1.7040397
241884143,6103443682068685696,,0.2695,0.6399,UCL/LCC,16.0,Rebull,2022,8.191263049930695,13.987535,989.30023,9.790334049930696,15.586606,257.20566,6.960719049930695,12.756991,395.67102,217.80335386244496,0.02912503,-41.0662586756567,0.026888698,6.930197475606088,0.03462478,1.8848047
243499565,6106993554140699520,,1.1947,,UCL/LCC,16.0,Stauffer,2021,8.893391370430125,14.497091,607.4296,10.399352370430126,16.003052,108.20749,7.697988370430126,13.301688,224.03365,206.14923821032684,0.023004975,-47.10380147281296,0.017724797,7.572862546175339,0.025199452,1.1796741
243449997,6107289533226214400,,0.3827,,UCL/LCC,16.0,Rebull,2022,9.90872579946562,15.4765625,530.354,11.781841299465622,17.349678,101.10302,8.61529429946562,14.183131,211.50117,205.6408303888171,0.031328697,-46.140630033851984,0.031303246,7.698970576919238,0.04082309,1.0873175
243611773,6108669214161311616,,0.349,,UCL/LCC,16.0,Stauffer,2021,9.18951706970495,15.023652,1019.85944,11.092850069704948,16.926985,168.9204,7.88380156970495,13.7179365,460.1639,207.0678553122777,0.028255632,-44.044077273238194,0.023490906,6.810406171571845,0.03263726,1.095289
243381460,6111548074901230080,,0.3684,,UCL/LCC,16.0,Stauffer,2021,7.731199132335664,13.327219,845.9253,9.213346132335666,14.809366,197.42792,6.528725132335666,12.124745,262.49847,205.00686398858343,0.037587315,-43.81586888822286,0.030033026,7.599692610683359,0.044459317,3.0566335
179367270,6117102949382766976,,2.6435,,UCL/LCC,16.0,Rebull,2022,8.58120090239154,14.379794,726.73584,10.01067690239154,15.80927,147.70877,7.4017599023915395,13.200353,250.5187,211.88017744685004,0.023603946,-39.53797899493527,0.021706114,6.9227935516993515,0.027151324,1.2323172
248145126,6135268015342940928,,0.3504,,UCL/LCC,16.0,Stauffer,2021,9.725759321016897,15.174959,298.70813,11.4847143210169,16.933914,61.76278,8.455392321016896,13.904592,119.33063,193.9388568234224,0.031571563,-44.86432171829587,0.023094583,8.131301493698544,0.041146524,1.1017901
135162879,6148164290302297600,,0.3775,,UCL/LCC,16.0,Stauffer,2021,9.37478760735222,14.957653,1070.3295,11.113465607352222,16.696331,205.99442,8.11705360735222,13.699919,380.599,185.5548662975253,0.021660626,-41.800719737945315,0.01123317,7.645870209129524,0.028358819,1.122123
121840452,6197960106773771776,,0.3787,0.205,UCL/LCC,16.0,Stauffer,2021,8.651435095018318,14.01585,234.78229,10.356097095018317,15.720512,59.37342,7.377737095018318,12.742152,100.27358,226.32031118553945,0.14084718,-38.23679932311318,0.12112206,8.45506633031325,0.1542953,6.9395194
461643692,6204205642057395456,,0.4115,,UCL/LCC,16.0,Stauffer,2021,9.584577181143626,15.831734,351.72418,11.427125181143628,17.674282,80.499054,8.293581181143624,14.540738,118.11304,224.5963435400273,0.045078184,-33.73758505045732,0.03495135,5.63078099651823,0.05003136,1.0529745
272398365,6207552413714047488,,0.4841,,UCL/LCC,16.0,Rebull,2022,9.367135365952278,15.363606,507.53885,11.151642365952275,17.148113,84.27955,8.102331365952276,14.098802,202.62753,229.76277710745623,0.059846785,-32.24828442396047,0.040366054,6.3198369418208085,0.06832341,1.33542
440686535,64933037865353600,211013604,0.4627,,Pleiades,125.0,Rebull,2016,10.844113034524929,15.621692,597.19586,12.912347034524927,17.689926,50.708702,9.501053034524928,14.278632,266.9767,57.11090286985593,0.038558014,23.191425826364775,0.028654495,11.078582774362635,0.041317984,1.0804164
440690770,64933621980897536,211016654,0.2671,0.1702,Pleiades,125.0,Rebull,2016,10.724765220312417,16.0748,880.9898,12.570768220312416,17.920803,69.151054,9.432938220312415,14.782973,236.43886,57.17084540801888,0.046008814,23.23797186912308,0.03208088,8.51124405941673,0.048778493,1.1162689
67768181,65232757863112192,211047687,0.3049,0.2016,Pleiades,125.0,Rebull,2016,10.727954130887934,16.385273,791.21173,12.593072130887933,18.250391,55.19064,9.426848630887932,15.0841675,348.26144,55.91274812352996,0.07205669,23.73464542725762,0.050685033,7.388158879058593,0.07691624,1.1453283
14334105,65910602485240576,211057712,0.2775,0.3514,Pleiades,125.0,Rebull,2016,,16.707605,89.50225,,18.331327,71.13155,,15.095377,562.7153,60.93270298620657,3.706244,23.89626883989614,2.208869,,,
353927317,68183331674900864,211070495,0.606,,Pleiades,125.0,Rebull,2016,11.30587398465148,16.861164,669.13574,13.09620298465148,18.651493,30.873222,10.03105098465148,15.586341,215.0291,55.10681451622317,0.07934809,24.09987966023466,0.051881548,7.743583699122783,0.08009221,1.0323466
165184400,5046815924054174848,,0.6632,,Tucana-Horologium,40.0,Popinchalk,2023,10.532472927710836,13.713512,1488.654,12.288055927710836,15.469095,272.43054,9.268720427710836,12.4497595,689.13776,47.706399667060566,0.010457781,-36.279832749391744,0.013047085,23.109587076170516,0.016404394,1.2434089
465268712,5239392538122310400,,0.319,,IC 2602,40.0,Popinchalk,2024,9.814816021030907,15.594744,885.7637,11.669274021030906,17.449202,145.88046,8.517883021030906,14.297811,381.0764,162.83359045155973,0.02554732,-65.94117125197911,0.027153462,6.982555626728238,0.029335571,1.0847491
370829038,5247506723457135104,,0.3548,,IC 2602,40.0,Popinchalk,2024,9.01557211226365,14.7069235,445.87766,10.52148861226365,16.21284,111.08124,7.803538612263649,13.49489,136.02335,144.92938473672734,0.017389782,-66.23224998638558,0.017516064,7.273270211058286,0.01861264,1.0942875
342456426,5319023224634030464,,0.3946,,CIC 2602,40.0,Popinchalk,2024,9.030169214344408,14.470575,772.4257,10.676976214344409,16.117382,183.67532,7.779796214344408,13.220202,268.58902,124.06750527726628,0.027365167,-55.36737596350742,0.029259887,8.164297898876946,0.029610712,2.1289864
92740519,5321261452356605440,,0.4711,,Theia 92,,Popinchalk,2024,7.9744968010650705,14.055521,942.8713,9.49411680106507,15.575141,204.41132,6.760417801065071,12.841442,316.59772,129.032429288737,0.024398917,-52.4294022745223,0.024278881,6.07848235325055,0.026077712,2.5197349
353730181,144329975098261504,,0.5629,,Taurus,2.0,Bouma,2024,8.771502638620017,13.916497,572.6631,10.313536638620018,15.458531,124.32141,7.560714138620018,12.7057085,248.97525,67.87683647271537,0.018047884,20.593849626705556,0.01088321,9.3540810310036,0.01986955,1.2325462
368129164,1450067137649786752,,0.2683,0.1083,AB Doradus moving group,149.0,Bouma,2024,,10.627713,1392.8918,,12.256003,475.63074,,9.362205,1079.0896,202.94302916298565,0.82503104,29.276190837297328,0.3904169,,,
267953787,149327461604161408,,0.7275,,Taurus,2.0,Bouma,2024,9.336242502144652,14.921,426.21863,11.555560502144653,17.140318,71.79192,7.961327502144652,13.546085,155.03847,66.76645496462034,0.03752664,24.11209074946608,0.021709127,7.639210907445051,0.042152107,1.1986783
59836633,154779286930692352,,0.6233,,Beta Pic moving group,24.0,Bouma,2024,8.682856818312061,12.644146,524.9819,10.188760818312062,14.15005,121.870094,7.479350318312061,11.4406395,211.32286,71.8377849773697,0.022584153,28.14781714164596,0.010461558,16.134004125700898,0.025680285,1.2110713
2234692,181104928193233408,,0.2717,2.4917,Columba,42.0,Bouma,2024,10.468888474195667,14.122839,534.2548,12.211166474195666,15.865117,86.31662,9.210338474195666,12.864289,231.33368,79.62957272359581,0.021540238,33.14641569257099,0.015230684,18.587025503443044,0.023965755,1.1950183
332517282,2330466915715754112,,0.4029,,AB Doradus moving group,149.0,Zhan,2019,11.743565665052738,14.699331,628.98694,13.701836665052738,16.657602,101.71614,10.433104665052738,13.38887,236.86453,350.8786212298965,0.02354991,-28.12115970396417,0.02110193,25.6358034397611,0.025389455,1.0516585
146539195,2962794236080240128,,0.2804,0.3038,Beta Pic moving group,24.0,Bouma,2024,9.648189575245771,13.068054,1168.8665,11.681727575245771,15.101592,245.17593,8.312190575245772,11.732055,529.5959,77.113896193288,0.03631138,-21.02904956290413,0.041964762,20.70270601496513,0.059447605,2.8634322
264599508,3156962079670742528,,0.3292,0.3746,Columba,42.0,Bouma,2024,9.728081929679895,14.240616,669.53784,11.464934929679895,15.977469,123.812546,8.455507929679898,12.968042,265.1824,109.49814799464788,0.041064244,11.301139960524598,0.039920676,12.51679634071468,0.05109235,1.8905505
50745567,3216729878197029120,,0.2642,1.1896,Beta Pic moving group,24.0,Bouma,2024,9.800984189409483,12.701064,1573.243,11.698456189409484,14.598536,273.48538,8.481298189409484,11.381378,701.96185,82.99117296974393,0.062888205,-3.0604522139874586,0.050391942,26.30171320446553,0.087259434,3.949377
38539720,3244410500033689728,,0.3817,,Pisces-Eridani,120.0,Bouma,2024,10.399664029975916,15.966258,451.29712,12.434714029975916,18.001308,50.46663,9.066938029975915,14.633532,154.15471,56.10630624938864,0.055088658,-6.246585384063247,0.05032381,7.703377947658871,0.073462285,1.2014842
311092148,3274291270411229056,,0.3275,,Columba,42.0,Bouma,2024,10.256202872465526,12.394966,749.9258,12.013518872465523,14.152282,192.66675,8.981526872465526,11.12029,311.75238,54.17069902375673,0.029498674,3.488224272872074,0.025216592,37.34628219528339,0.035258327,1.5025313
68812630,3408524670748967808,,0.3767,0.22,Taurus,2.0,Bouma,2024,9.532574480846078,15.0028515,504.77216,11.446256980846076,16.916534,93.86569,8.224751980846078,13.695029,204.44592,74.59452151408226,0.04754618,19.61386066934096,0.030327301,8.052757039858287,0.054577235,1.6258864
118449916,3410376454489356416,,0.5129,0.2796,Taurus,2.0,Bouma,2024,9.111786504106428,14.052361,198.03882,10.783316504106429,15.723891,234.49086,7.694355504106429,12.63493,519.8569,68.65273069445354,0.4732986,18.607015977784013,0.2850391,10.277443568293208,0.563567,25.181986
142173958,3465944500845668224,,0.49,0.535,TW Hydrae association,10.0,Bouma,2024,8.573713454059707,12.82267,467.30853,10.377946454059709,14.626903,109.105515,7.288203454059707,11.53716,200.63531,180.1142822387767,0.051860567,-34.093755525560375,0.0395732,14.13216472070967,0.07459818,2.8956769
193831684,4042180300005971200,,1.2925,,Beta Pic moving group,24.0,Bouma,2024,10.88783104767409,14.455662,1214.4873,12.78784204767409,16.355673,195.4569,9.555255047674091,13.123086,558.9801,270.7721160197694,0.025604093,-34.209127014834124,0.021303855,19.33899092185495,0.0290469,1.1563021
38820496,4703815338965472768,,0.6554,,Tucana-Horologium,40.0,Zhan,2019,11.513490228686178,14.736425,954.91736,13.553275228686177,16.77621,168.20184,10.184975228686175,13.40791,377.536,7.196309731582595,0.020815581,-67.86263446043712,0.020304136,22.66799174107081,0.023960808,1.0783511
201898222,4741424237273655040,,0.4458,0.5675,Tucana-Horologium,40.0,Bouma,2024,10.957508745693298,14.084928,1690.0917,12.866296745693298,15.993716,266.29944,9.655138745693298,12.782558,733.2078,40.509317213389934,0.016344791,-53.98746750094747,0.017502582,23.687332109365578,0.01947474,1.290258
201789285,4742436853122727040,,0.1517,,Tucana-Horologium,40.0,Zhan,2019,12.312157143795732,15.601557,719.4022,14.731737143795732,18.021137,103.3069,10.906271143795731,14.195671,238.67107,33.88942703801492,0.033839297,-56.45492893214697,0.035205185,21.98467393401815,0.04073026,1.1921947
144486786,4809722429257648768,,0.2842,0.4788,Columba,42.0,Bouma,2024,10.26146553047169,14.708973,460.72144,11.985449530471689,16.432957,142.10141,8.934284530471691,13.381792,632.43646,84.14765255807289,0.20179333,-36.91416050941648,0.21537536,12.8972912142297,0.23508711,15.045648
425937691,4900780511935295872,,0.2008,0.1342,Tucana-Horologium,40.0,Zhan,2019,11.558602114016336,14.733041,552.59827,13.924646114016335,17.099085,81.5654,10.157092114016336,13.331531,195.57092,5.366400142986364,0.0624998,-63.852518727949786,0.06168007,23.179935480394818,0.07707307,2.8563879
425933644,4905813212878537216,,0.4862,,Tucana-Horologium,40.0,Zhan,2019,9.50990108597848,12.690224,773.9561,11.10387508597848,14.284198,191.57544,8.28044508597848,11.460768,347.63452,3.69944110272121,0.14120388,-60.06352754343637,0.1335526,23.11720994589449,0.18096818,10.291623
206544316,4909009394396454144,,0.3221,,Tucana-Horologium,40.0,Zhan,2019,9.781501870419984,12.941366,792.474,11.434063870419983,14.593928,195.58046,8.544107870419985,11.703972,306.29205,18.4188709705957,0.016606664,-59.65974582279865,0.01606752,23.336040728150092,0.020779291,1.2622318
178155030,5050451154310013056,,0.4862,,Tucana-Horologium,40.0,Bouma,2024,10.131009575469804,13.48556,1736.1853,11.795968575469804,15.150519,362.10553,8.884365575469804,12.238916,782.5717,42.74889614403835,0.008781331,-34.15153249433204,0.011154433,21.334865784158417,0.015160128,1.2897246
141306513,5179619856194590080,,0.5567,,Tucana-Horologium,40.0,Popinchalk,2023,11.587766650818349,15.095931,1208.2831,13.653475650818349,17.16164,121.73602,10.24935165081835,13.757516,508.81122,45.10808153451029,0.033065468,-7.7820609079152145,0.027274203,19.877745694471443,0.036267776,1.0804592
397791443,5239135492911437568,,0.2896,,IC 2602,40.0,Bouma,2024,10.477434417794257,16.381668,498.82266,12.295652417794257,18.199886,78.708084,9.191116417794255,15.09535,183.47945,159.53776967358718,0.03469502,-66.54566416402635,0.032794416,6.594065907030961,0.03738291,1.0644103
177309964,5260885172922381824,,0.4533,,CAR,45.0,Zhan,2019,9.640886176031684,14.440897,485.81967,11.323551176031684,16.123562,89.57133,8.383598176031684,13.183609,205.66893,103.45258022679688,0.04678331,-75.70381515561311,0.050388087,10.964727306278862,0.049213085,1.1522657
300651846,5275157967723751936,,0.3442,,CAR,45.0,Bouma,2024,9.596263942682585,14.79277,797.7057,11.222707942682582,16.419214,150.22755,8.360227942682583,13.556734,264.5977,114.36670927894826,0.018732082,-66.75737858668742,0.019616093,9.134794643047211,0.019736266,1.1643269
264767454,5295268619511701760,,0.4171,0.8592,Columba,42.0,Bouma,2024,8.905741033762023,14.36823,676.90186,10.268092033762024,15.730581,332.4065,7.339316533762023,12.8018055,631.641,117.3022303641374,0.314072,-57.792990891449115,0.32715374,8.081690355990483,0.33888146,12.296078
89463560,5314298588812179328,,0.3929,0.3233,Argus,45.0,Bouma,2024,9.315320532958747,14.7874155,1042.9215,11.030819032958748,16.502914,167.15506,8.059770032958747,13.531865,490.08673,127.0786625797922,0.024021175,-59.5983292660159,0.022612851,8.046018125639748,0.02432281,1.3066657
94088626,5368673630700201984,,0.275,,Argus,45.0,Bouma,2024,10.438053761760472,14.244745,785.7855,12.225384761760472,16.032076,150.18762,9.159319761760472,12.966011,293.64383,176.5956063497127,0.012854607,-52.64772630838045,0.013507457,17.324541606520086,0.02044425,1.1203005
294328887,5485498390406148736,,0.3546,,Carina near moving group,200.0,Bouma,2024,10.699890313614674,15.641929,1101.3579,12.617823313614672,17.559862,153.12527,9.395527313614677,14.337566,472.5824,108.97847939940308,0.024114938,-59.34149920022226,0.025158737,10.270515981802486,0.025952706,1.0520473
363963079,5506029021277336576,,0.3258,0.3088,Argus,45.0,Bouma,2024,9.712151084809726,14.314686,539.14197,11.489672084809724,16.092207,119.685356,8.400765084809725,13.0033,282.35162,110.4800379009299,0.11431293,-49.63464554320851,0.115153074,12.008617641559034,0.11696336,8.002313
402980664,565706429072383232,,0.7733,,Columba,42.0,Bouma,2024,10.827312882430949,12.470033,1171.1321,12.595928882430949,14.238649,271.5201,9.554169882430948,11.19689,432.70364,16.73334799010598,0.023977993,80.4594551063459,0.023114331,46.93058593627975,0.027604628,1.4839835
359892714,5841324542416019712,,0.4721,,Epsilon Chamaeleontis,3.7,Bouma,2024,11.250725727534356,16.155468,541.2963,13.841337727534356,18.74608,38.912846,9.799834227534356,14.7045765,239.53566,185.70196142721792,0.04014774,-74.17238182863366,0.045167524,10.448442222448277,0.047535397,1.0686809
335598085,5857065971210881408,,0.6604,0.7475,Lower Centaurus-Crux,16.0,Stauffer,2021,7.941916929639531,13.063832,1158.9742,9.55723292963953,14.679148,302.86014,6.705658929639531,11.827574,618.3181,194.89842630520755,0.023917386,-68.13371278971537,0.027647927,9.454030214071125,0.033975646,2.794259
442571495,6016421494262600960,,0.3996,0.5758,Upper Centaurus-Lupus,16.0,Bouma,2024,9.556461834140467,14.099011,1659.125,11.309894834140469,15.852444,314.36182,8.283045834140466,12.825595,992.18176,236.9029032192883,0.034633882,-31.445192282657384,0.028708046,12.34497363716718,0.03592079,1.6404629
67897871,6041816502013814400,202724025,0.2596,0.2795,Upper Scorpius,10.0,Stauffer,2017,7.887433052444315,13.750705,1083.4552,9.624771052444316,15.488043,281.84277,6.612547052444315,12.475819,363.9279,242.2372549871069,0.03973045,-28.599395765096908,0.0270892,6.719633870308402,0.046419363,2.5531833
405754448,6056695059045701120,,0.5386,5.6,Lower Centaurus-Crux,16.0,Rebull,2022,5.629507559500503,10.468726,1144.9689,6.4717915595005024,11.31101,296.47845,4.7204575595005025,9.559676,405.19162,192.1310144684961,0.06315822,-59.74710537476609,0.072994605,10.76852726284382,0.09822528,6.814385
405910546,6061362107917642240,,1.5829,,Lower Centaurus-Crux,16.0,Bouma,2024,7.990298520887254,13.241746,1610.1683,9.234103520887254,14.485551,391.12555,6.8792225208872555,12.13067,811.11383,192.7525637211596,0.007253264,-56.722430581345485,0.008790851,8.90657038236648,0.013087327,1.0902463
404144841,6081328723666902912,,0.4475,,TW Hydrae association,10.0,Bouma,2024,10.282308065204504,14.72314,856.2755,12.170558065204505,16.61139,199.76816,8.983481065204504,13.424313,374.40787,195.1444694571105,0.019446885,-51.21821299575643,0.022883259,12.937001039383508,0.031708,1.1102711
312410638,6090854651891034496,,1.1673,,Upper Centaurus-Lupus,16.0,Rebull,2022,9.992493972661466,15.681707,563.8346,11.819456972661463,17.50867,122.09247,8.699381972661467,14.388595,187.15718,210.44269311981893,0.025737664,-50.26030249891458,0.03020209,7.280436101485646,0.03879326,1.0939429
167664935,6104139604209342464,,0.5854,0.4462,Upper Centaurus-Lupus,16.0,Bouma,2024,7.406279103830309,11.39017,233.61766,8.77099610383031,12.754887,48.013744,6.25044310383031,10.234334,101.91859,216.37105591664016,0.091162734,-41.225852027386146,0.06791491,15.96694468567398,0.092949554,5.0510154
89026133,6205993722841260032,,0.4667,1.1596,Upper Centaurus-Lupus,16.0,Stauffer,2021,7.855073721396312,13.459309,931.816,9.443590721396314,15.047826,191.37515,6.623929721396314,12.228165,394.8287,230.6435635554141,0.062499277,-35.070729868887334,0.045100782,7.570994736930979,0.067390464,4.004869
272248916,6207141200664109184,,0.3708,2.1125,Upper Centaurus-Lupus,16.0,Bouma,2024,8.91520658952753,13.447623,789.64655,10.50315458952753,15.035571,177.8601,7.67568658952753,12.208103,403.1165,229.49273789339068,0.08186429,-33.57866921354107,0.06383149,12.402713677021127,0.09004333,5.4981127
440725886,63661521387693824,,0.1633,,Pleiades,112.0,Bouma,2024,10.361523827702468,16.022692,508.54715,12.069220827702466,17.730389,82.179405,9.104823827702468,14.765992,173.75021,58.24225480179571,0.047681406,21.42400112425044,0.031947207,7.375073715479337,0.050020155,1.0631554
234295610,6485423779719878016,,0.7621,,Tucana-Horologium,40.0,Zhan,2019,10.44578607090198,13.857368,1006.3163,12.213952070901982,15.625534,178.1604,9.176009070901982,12.587591,344.8536,357.9839780104436,0.01221732,-64.79319622419814,0.012868661,20.781821688375363,0.01571036,1.1314299
224283342,6534521406305916928,,0.8875,,Columba,42.0,Zhan,2019,10.737745786656394,13.637721,1645.3993,12.505228786656392,15.405204,332.7146,9.469242786656396,12.369218,600.7563,356.35759611328245,0.012430992,-40.337832613794546,0.015730463,26.302980157265605,0.019870523,1.2655724
289840926,6801191424589717888,,0.2,0.6517,Beta Pic moving group,24.0,Guenther,2022,11.824337170700058,14.848869,434.84518,14.18152817070006,17.20606,88.26511,10.431508170700058,13.45604,150.75015,317.62939346252875,0.042389326,-27.181317661676555,0.031275958,24.836685279374795,0.058898587,1.1558069
141146667,860453786736413568,,0.1638,,Field,,Bouma,2024,10.894817557654507,14.701484,529.9423,12.857133557654503,16.6638,133.49504,9.581419557654506,13.388086,197.20546,166.3122319891457,0.016592827,59.251689363759255,0.018127326,17.32473943539815,0.025018973,1.2261695
12779416,,204364515,1.456,3.0863,Upper Scorpius,10.0,Stauffer,2017,,,,,,,,,,,,,,,,
68045555,6049821633855485440,203849738,0.619,,Upper Scorpius,10.0,Stauffer,2017,9.724258533985108,15.449731,1192.2881,11.829594533985109,17.555067,99.420456,8.366465533985108,14.091938,702.56885,242.4702925814364,0.03695911,-24.698324548249317,0.02208665,7.159876096533086,0.04136593,1.0867276
68131578,6049554108931809152,203692610,1.821,,Upper Scorpius,10.0,Stauffer,2017,9.785926666077694,15.775283,1804.1069,11.653944666077695,17.643301,155.45291,8.494226666077694,14.483583,737.879,242.63170714911683,0.037276376,-25.26726684500043,0.022697859,6.340576302489331,0.0426649,1.0856313
49165224,6249001841715440512,205374937,0.6345,0.5436,Upper Scorpius,10.0,Stauffer,2017,7.957723771569416,13.670034,382.1062,9.746689771569416,15.459,81.81572,6.659357771569416,12.371668,176.72156,242.8255133304144,0.079443395,-17.95809162613255,0.053416006,7.203407012494224,0.08626834,5.568927
391993423,6039044255241799808,202873945,0.6258,,Upper Scorpius,10.0,Stauffer,2017,10.105671425775569,16.199408,1040.6152,12.47874842577557,18.572485,100.13728,8.70309142577557,14.796828,406.99185,245.41629176731092,0.053862978,-28.05198170812338,0.031555016,6.043001264922795,0.058511168,0.980086
203444707,6051728977289000064,204296148,0.5314,0.4717,Upper Scorpius,10.0,Stauffer,2017,10.529108070328064,16.280096,640.07776,13.357704070328063,19.108692,37.874805,9.061812070328063,14.8128,291.19302,246.21582939465287,0.06715049,-22.89534808540088,0.03908735,7.0762377174033615,0.071873434,1.1411753
175597010,6049165500286247040,203962559,1.5402,,Upper Scorpius,10.0,Stauffer,2017,10.7123833244939,16.378187,965.9708,13.3296873244939,18.995491,43.682274,9.2817473244939,14.947551,382.7679,246.7103491547624,0.07098326,-24.231301760775256,0.04061905,7.359346730642398,0.08342793,1.053265
175861088,6049107020011536000,203927435,0.482,0.4162,Upper Scorpius,10.0,Stauffer,2017,10.325983488088315,16.039587,1028.9241,13.121315488088314,18.834919,35.881447,8.863492488088314,14.577096,404.16495,247.17937338673056,0.06264355,-24.38127673189421,0.038654998,7.1991180914904565,0.06907405,1.0808173
49040989,6245669050173377280,205024957,1.6656,,Upper Scorpius,10.0,Stauffer,2017,10.08580790980402,15.798522,520.8022,12.13128190980402,17.843996,76.29365,8.747921909804019,14.460636,163.23653,242.5458049597998,0.04803365,-19.76786399827772,0.028089471,7.202067409861163,0.050293587,1.0275234
49040871,,205046529,1.8358,2.5619,Upper Scorpius,10.0,Stauffer,2017,,,,,,,,,,,,,,,,
49585759,6050333112920811776,204143627,1.125,,Upper Scorpius,10.0,Stauffer,2017,9.935795115054308,15.62977,1441.35,11.861479115054308,17.555454,146.42221,8.627695115054307,14.32167,597.0566,243.99687779344228,0.03774392,-23.493537942986205,0.021233609,7.264488205855166,0.042859085,1.0379974
413551134,4324709330348851968,205483258,5.667,,Upper Scorpius,10.0,Stauffer,2017,7.854613836118322,13.420155,242.1205,9.211248836118322,14.77679,55.6124,6.692944836118322,12.258486,99.5437,245.8522024635021,0.015845094,-17.290986891196344,0.00842426,7.707113721573835,0.016667822,1.2412971
220604303,6246938127111232640,204882444,0.3829,,Upper Scorpius,10.0,Rebull,2018,8.023615148041543,13.820317,662.3426,9.505349148041544,15.302051,157.14941,6.838167148041544,12.634869,251.79552,238.7713092430406,0.019753302,-20.435605955142695,0.013308839,6.92882559076139,0.021457227,1.1742331
280160269,6246710012810366976,204787516,0.4868,,Upper Scorpius,10.0,Rebull,2018,7.992051420766876,13.727021,402.46072,9.431728420766875,15.166698,106.99522,6.811611420766875,12.546581,175.9521,239.34957887149983,0.021107858,-20.862704879933503,0.012527713,7.128630167547866,0.02281336,1.2546695
12776845,6237180545533200640,204270520,0.5123,,Upper Scorpius,10.0,Rebull,2018,10.10129922644082,15.981721,1143.9293,12.45618822644082,18.33661,73.45101,8.702013226440819,14.582435,446.1447,240.1095811087984,0.05803615,-22.994903552031506,0.035433955,6.666772653103905,0.064993784,1.0822598
49035618,6243897874380625792,204783273,1.1105,,Upper Scorpius,10.0,Rebull,2018,10.582517406668964,16.506779,703.15405,12.804183406668962,18.728445,63.647846,9.21401940666896,15.138281,287.44543,242.40444325440632,0.06596818,-20.881472639024324,0.04309785,6.533526866988413,0.071809806,1.0272063
68167990,6049537169580902272,203645396,0.6287,0.4928,Upper Scorpius,10.0,Rebull,2018,10.744064819965066,16.400862,904.69446,13.579835819965068,19.236633,37.192833,9.257011819965069,14.913809,451.16837,242.92751822677,0.08335501,-25.43099434552561,0.046965394,7.389934073070521,0.0915097,1.1087902
49691316,6050308923664895360,204082531,0.6513,0.4256,Upper Scorpius,10.0,Rebull,2018,8.88037895871724,14.406842,945.90576,10.72506495871724,16.251528,174.86636,7.53921995871724,13.065683,512.9252,244.08374425426237,0.13918573,-23.73738637253076,0.08999494,7.847067560408295,0.15828979,7.226246
202876323,6051788728874166528,204321142,0.4763,,Upper Scorpius,10.0,Rebull,2018,9.861146799594817,15.649003,1416.9895,12.150404799594815,17.938261,85.51283,8.474073299594815,14.2619295,568.3978,245.64700703333395,0.044343363,-22.795507966233465,0.02928564,6.95710823476848,0.050876513,1.0258521
175744495,6050656781651004160,203956650,0.6752,1.5052,Rho Ophiuchi,1.0,Rebull,2018,,18.11368,88.74074,,20.986622,7.787495,,16.03605,204.87648,247.13567662991215,1.866747,-24.25686479438392,1.074494,,,
205106701,6044015868868398976,202687442,0.5727,,Upper Scorpius,10.0,Rebull,2018,9.91608984170065,15.813842,427.47745,11.870455841700652,17.768208,76.75122,8.594931841700651,14.492684,344.88507,248.74432473581575,0.04632269,-28.73625230072117,0.0331614,6.613777317338481,0.05163385,1.045572
73217080,4130947859386102016,204884822,0.7983,,Upper Scorpius,10.0,Rebull,2018,8.184737825742662,13.783078,1137.4238,9.918425825742665,15.516766,204.66638,6.920574825742662,12.518915,489.05414,248.776055941896,0.018584989,-20.424618787059,0.011831638,7.591576367056035,0.02104606,1.1512434
289840928,6801191355870240768,,0.1992,,Beta Pic moving group,24.0,Zhan,2019,10.546362112592105,13.57752,1294.3562,12.504631112592104,15.535789,251.86513,9.228418112592104,12.259576,591.0874,317.63151046646635,0.025214322,-27.183117804795064,0.018422358,24.761013817973428,0.034775935,1.332857
92574021,5372980314662466560,,0.7844,,UCL/LCC,16.0,Rebull,2022,10.645836727038052,15.959076,599.0891,12.689583727038052,18.002823,101.47309,9.302569727038051,14.615809,211.24466,173.2050042332593,0.030625917,-49.81877806732154,0.029617079,8.656695579072696,0.043379053,1.1264213
452345586,5336466353837764736,,3.0568,,UCL/LCC,16.0,Rebull,2022,8.360555599734596,13.99094,800.5549,9.623273599734596,15.253658,158.00641,7.029454599734596,12.659839,128.35358,174.24403717739108,0.020363053,-58.37703796083334,0.021920493,7.480370691253243,0.026753997,1.9060804
379774242,6053207201993945728,,0.9854,,UCL/LCC,16.0,Rebull,2022,11.403882235309329,16.601015,826.88086,13.657344235309328,18.854477,62.98682,10.017132235309328,15.214265,402.23465,181.2674129042575,0.042053252,-64.78935043565933,0.042365078,9.132158635751642,0.05510819,0.87038213
310412874,6053682637686389248,,0.4564,,UCL/LCC,16.0,Rebull,2022,8.990403102685258,14.181199,1050.8522,10.76730060268526,15.9580965,98.38251,7.655499102685258,12.846295,415.0322,185.20272454615164,0.04465978,-64.15115640443473,0.048831202,9.158847346212658,0.06019059,3.8819163
311447879,5861225840401537152,,0.487,,UCL/LCC,16.0,Rebull,2022,10.690839742547393,15.879716,429.61462,12.83097774254739,18.019854,62.297432,9.34601974254739,14.534896,167.42453,185.58421312004015,0.028843274,-65.16400159231225,0.03206195,9.16694759285294,0.039803572,1.0717487
311333943,6053714557884987008,,0.9197,7.6438,UCL/LCC,16.0,Rebull,2022,9.93687547236412,15.25692,1517.8102,12.16324147236412,17.483286,168.21877,8.55995947236412,13.880004,872.2976,185.69676297751263,0.026605535,-63.63260585886171,0.028475095,8.629608519397522,0.03631901,1.2587382
450386147,5861250373258628224,,1.625,,UCL/LCC,16.0,Rebull,2022,9.52728795208646,14.633442,1269.699,11.28381895208646,16.389973,186.95668,8.260637952086459,13.366792,502.89154,186.10010390503908,0.014546403,-64.89549963842578,0.01678761,9.52289926742721,0.01987243,1.0946163
272407484,6074516458849906560,,0.4707,0.4558,UCL/LCC,16.0,Rebull,2022,9.936781723432276,15.035674,1119.565,11.983663723432276,17.082556,209.81737,8.519211723432276,13.618104,538.3062,187.78517979327583,0.04417488,-54.94571457004056,0.051243775,9.55479876363725,0.07705548,3.1347854
412182239,6059728989586223232,,1.2804,,UCL/LCC,16.0,Rebull,2022,12.172368952162786,17.323078,295.27454,14.671970952162786,19.82268,33.519375,10.741192952162788,15.891902,90.716385,190.63176712288688,0.050859444,-59.086849710811194,0.05563498,9.329496163272095,0.080958,1.0101262
165912675,6079851151837148928,,0.2273,,UCL/LCC,16.0,Rebull,2022,10.634173440910187,16.13209,780.70825,12.857653440910186,18.35557,65.360756,9.255044440910186,14.752961,304.6831,192.64150828226556,0.0533447,-48.44898055604124,0.047442887,7.950907266212418,0.061816636,1.1730313
412376751,6056707218046937728,,0.9418,2.8111,UCL/LCC,16.0,Rebull,2022,9.178565050709569,14.391002,1415.4806,10.667194050709568,15.879631,209.33926,7.975552050709568,13.187989,641.4456,192.8728188667112,0.011717645,-59.40602953006847,0.013668974,9.068022940448628,0.01833915,1.055816
412376096,6056702824347469568,,0.7504,,UCL/LCC,16.0,Rebull,2022,9.69821910199706,15.338204,1973.9043,11.65512410199706,17.295109,183.26334,8.36996710199706,14.009952,1008.3683,192.90699750530297,0.024286779,-59.49576078365847,0.029904323,7.447371533313145,0.03846566,1.3402742
258583707,6086566762700232960,,0.3142,8.7565,UCL/LCC,16.0,Rebull,2022,9.955974903151912,15.265956,1114.8148,12.058586903151912,17.368568,169.6985,8.607344903151912,13.917326,444.06818,196.87750925612295,0.032378923,-45.822108272814845,0.02198634,8.669694228876672,0.040063206,1.1410929
438709950,6083662127885920512,,1.0214,,UCL/LCC,16.0,Rebull,2022,9.610368002812695,14.929116,567.7739,11.222788002812695,16.541536,26.115433,7.784545002812696,13.103293,37.27698,201.103128364981,0.17173734,-47.95838714761823,0.14553937,8.634762575704478,0.19551189,1.3716161
241375625,6069546666301995136,,0.5183,0.5606,UCL/LCC,16.0,Rebull,2022,8.648586729900268,14.327919,1017.5145,10.238638729900268,15.917971,148.22578,7.422629729900269,13.101962,479.60645,204.71689545595905,0.021983081,-51.08523984784308,0.025756296,7.313639440408757,0.03258268,1.7910372
179368022,6117335633532511488,,0.1933,0.3857,UCL/LCC,16.0,Rebull,2022,9.556842223079297,14.790104,842.6824,11.410791223079295,16.644053,184.32208,8.266031223079297,13.499293,465.89243,211.87428104797797,0.031739365,-38.90747569970084,0.02879902,8.98147457077531,0.03564897,1.2125996
241841997,6104539001808460928,,0.1545,0.4224,UCL/LCC,16.0,Rebull,2022,8.046877681618643,13.863144,718.53467,9.634785681618643,15.451052,203.93887,6.814960681618643,12.631227,292.45917,216.9932880992619,0.039236244,-39.39127176917089,0.036399942,6.866678851872816,0.04328436,2.4352436
334325329,5906896357885973760,,1.3106,0.4346,UCL/LCC,16.0,Rebull,2022,9.252024121067365,14.998063,1332.3435,10.775804121067363,16.521843,207.74635,8.043474121067362,13.789513,621.0036,225.13089111010817,0.022919582,-46.35873788831596,0.023441186,7.09238371947472,0.030911183,0.9596639
334838280,5907453810283014656,,1.3868,1.5172,UCL/LCC,16.0,Rebull,2022,9.987985371915434,15.826832,1171.8109,11.718492371915431,17.557339,103.5898,8.712946371915434,14.551793,439.46524,225.6429572172302,0.037345402,-44.32591584825016,0.043592636,6.795644856824874,0.05253039,1.0483643
366178112,5907570633391708800,,0.3646,0.1216,UCL/LCC,16.0,Rebull,2022,8.575062345808666,14.456995,966.785,10.262245345808669,16.144178,155.26833,7.327471345808666,13.209404,347.95004,226.66231778261007,0.020846838,-43.95798772056571,0.019335473,6.662135617778588,0.028663918,1.378151
160539036,5907508197444116096,,0.6462,0.6026,UCL/LCC,16.0,Rebull,2022,8.651731198736531,14.354057,652.89746,10.080074198736533,15.7824,129.40294,7.464320198736532,13.166646,290.0561,226.99090933951248,0.02121401,-44.08294358894877,0.020419756,7.23660453066342,0.027983647,1.2653207
140765939,6003464844942163584,,0.8952,,UCL/LCC,16.0,Rebull,2022,10.665906586647528,16.53868,833.6008,12.616394586647528,18.489168,45.276344,9.349594586647529,15.222368,362.23074,228.41623444187616,0.05869269,-43.672453453569275,0.056210548,6.690295762235624,0.079156585,1.0695034
76698847,6207532832961460608,,0.7473,,UCL/LCC,16.0,Rebull,2022,9.993385469930804,15.619695,933.35034,11.774650469930805,17.40096,102.17456,8.722474469930804,14.348784,269.68665,229.06875663452584,0.038728483,-32.38598746371606,0.030146543,7.494421138025118,0.04205011,1.0416056
173267960,6002137188957931008,,0.6336,0.1962,UCL/LCC,16.0,Rebull,2022,8.350573319311842,14.705201,1217.0878,10.05482631931184,16.409454,234.16751,7.09592531931184,13.450553,567.1576,234.4932575153021,0.02408993,-40.63477991311172,0.023847982,5.358885327519643,0.03593108,1.1620501
179357494,5995830115391559424,,0.4067,0.0814,UCL/LCC,16.0,Rebull,2022,9.101702288221498,15.218472,707.6411,10.882076288221498,16.998846,139.6241,7.825164288221497,13.941934,285.5805,236.80480904840888,0.037184425,-41.247499345050535,0.031879757,5.979240988245745,0.047069915,1.4512357
442575691,6016521378023539456,,0.4291,0.4145,UCL/LCC,16.0,Rebull,2022,8.094271075518702,13.933563,1022.99304,9.595411075518705,15.434703,246.88428,6.892152075518702,12.731444,408.64313,237.01225846109992,0.030503662,-30.90882355303764,0.019124867,6.794251440126313,0.03377015,1.9231352
84187344,5969054327225266688,,3.9769,0.1817,UCL/LCC,16.0,Rebull,2022,10.586702220863684,16.782509,1050.0826,12.628808220863686,18.824615,70.17862,9.247193220863684,15.443,441.70514,249.72812636942555,0.06399521,-40.92217062569762,0.033466768,5.765522139660012,0.06557411,1.0158567
85125492,5969505470595968000,,0.7574,,UCL/LCC,16.0,Rebull,2022,7.67753108276227,13.90695,975.1261,8.79933808276227,15.028757,214.80411,6.62299008276227,12.852409,402.2632,250.13995149015355,0.021207059,-39.12281197153585,0.012522657,5.676964998167927,0.021656936,1.0436037
85356121,6019068396739406848,,1.4422,0.1488,UCL/LCC,16.0,Rebull,2022,9.607911428205153,15.724331,1495.3691,11.305861428205157,17.422281,179.49466,8.358304428205154,14.474724,534.50055,250.318950582982,0.032732394,-38.38966848446181,0.017939169,5.9802051912129075,0.03739674,1.0282699
97239026,6027177088840456448,,0.2633,,UCL/LCC,16.0,Rebull,2022,9.43352938918521,15.157228,775.5187,11.266574389185209,16.990273,162.53195,8.143385889185211,13.8670845,234.68977,251.82278853770143,0.031421706,-32.759947538644106,0.01643774,7.165727320935525,0.03347339,1.0059465
337243787,5971281937775791360,,0.6297,0.4278,UCL/LCC,16.0,Rebull,2022,8.421725688980374,14.607178,558.6364,10.044991688980373,16.230444,125.66225,7.155568688980374,13.341021,192.88028,252.71233695760333,0.028434956,-38.20735676883068,0.01747308,5.793080157818992,0.03671467,1.2732983
65347864,5070527824315406976,,0.3201,,Tucana-Horologium,40.0,Popinchalk,2023,9.804391423620824,12.772404,780.6287,11.565065423620824,14.533078,155.36089,8.523791423620823,11.491804,339.48383,39.82403602285259,0.11934013,-26.822078039648893,0.14491455,25.49162286644656,0.20598932,8.574283
160329609,2886233695250041216,,1.0129,,Argus,45.0,Bouma,2024,11.423137508308717,11.112143,1571.9983,13.485271508308715,13.174277,402.24442,10.084945508308715,9.773951,1064.0286,91.21742524933885,0.024799287,-34.558412822381825,0.025077086,115.39816465618532,0.029826276,1.1759074
148646689,6007250261617947776,,0.4429,0.5571,Upper Centaurus-Lupus,16.0,Bouma,2024,7.449421836214851,13.194609,786.22125,8.751014836214852,14.496202,156.36017,6.307232836214851,12.05242,304.53363,230.87655334851453,0.06330759,-38.35811393311649,0.059775874,7.095166105952261,0.089427605,1.702487
245834739,3309335218545766784,,0.4362,0.4108,Taurus,2.0,Bouma,2024,8.532911388200464,13.850019,835.6522,10.149955388200464,15.467063,153.99109,7.299189388200464,12.616297,374.2143,68.22667407989883,0.0254245,14.406706628196606,0.012880461,8.641287958984403,0.02950976,1.4901168
125843782,151499478104075008,248131102,1.8404,,Taurus,2.0,Bouma,2024,8.770736522326443,14.3087,1094.8815,10.400026522326442,15.93799,224.42378,7.539675522326442,13.077639,590.70764,69.34055441993324,0.025279533,26.850295967874985,0.015689004,7.805618197444175,0.02772597,1.2137244
244161191,2431769083806305152,60019763,0.2988,0.3496,Columba,42.0,Bouma,2024,11.400614118395726,14.654848,954.78107,13.577380118395723,16.831614,134.11366,10.042824118395728,13.297058,427.0826,4.883576924654511,0.040784035,-5.911570888629051,0.03387092,22.34360389724763,0.048830498,1.2829902
231058925,4719413251435732608,,0.3696,,Tucana-Horologium,40.0,Bouma,2024,11.036083935054938,14.5834055,1312.745,12.979995435054938,16.527317,150.0192,9.727116435054938,13.274438,528.43494,30.778129278479057,0.01923753,-55.761774029956264,0.019486248,19.522511485746797,0.022331048,1.345061
301676454,3795298673460008064,,0.3825,,Argus,45.0,Bouma,2024,10.51404810762054,14.764279,1156.9978,12.30645910762054,16.55669,167.61626,9.23571610762054,13.485947,481.45148,178.5219535271878,0.030241892,0.3876909363024294,0.019517278,14.12387357673795,0.0346019,1.2417657
58084670,2034818379464853376,,0.465,,Field,,Bouma,2024,9.131558559180284,14.873674,456.06223,10.726726559180282,16.468842,92.24525,7.901966559180282,13.644082,189.7221,296.4220822197103,0.015613594,32.5034569152152,0.021265505,7.105209893202207,0.022221493,1.0624146
67745212,3191994547355916288,,0.2133,,Columba,42.0,Bouma,2024,12.958760315879836,15.180532,844.8474,15.363870315879836,17.585642,118.17732,11.560696315879836,13.782468,320.30627,63.64660060061139,0.03236452,-10.017937222499512,0.027084416,35.945593872882675,0.044728413,1.1135706
5714469,3493814268751183744,,0.4312,,Upper Centaurus-Lupus,16.0,Bouma,2024,10.787855750642644,15.260259,753.2995,13.054846750642644,17.52725,86.06605,9.407503750642643,13.879907,288.07413,179.20060081325667,0.03290963,-22.489371359913807,0.028307492,12.750269079068564,0.057702802,1.1185251
259586708,4784133288986121728,,0.9383,,Columba,42.0,Bouma,2024,10.232687408047951,15.1393175,965.98413,11.918246908047951,16.824877,143.20015,8.98814190804795,13.894772,405.0073,72.294227308564,0.021501139,-51.29600502007757,0.024594884,10.439362576243523,0.02418144,1.1660591
245902096,3309889784723415168,246776923,0.6375,0.5551,Taurus Foreground,30.0,Rebull,2020,8.772513624889752,13.941696,1161.0255,10.364442624889753,15.533625,314.82193,7.501948624889753,12.671131,667.3404,69.41479741811088,0.15399054,15.489331732318258,0.083954416,9.250464162626784,0.18533747,9.951727
245874053,,246938594,1.0839,,Taurus,2.0,Rebull,2020,,,,,,,,,,,,,,,,
245868207,3313414750283302400,246969828,1.0063,1.2995,Taurus,2.0,Rebull,2020,8.328892122499058,14.222324,1458.4606,10.11189512249906,16.005327,245.83908,7.054183122499058,12.947615,638.01447,68.80493258172972,0.028512089,17.43040923562334,0.017421838,6.626948941415437,0.032130785,1.4615313
268324578,147799209159857280,247794636,1.7211,2.6225,Taurus,2.0,Rebull,2020,10.207342475724186,15.717915,1221.3009,13.036624475724189,18.547197,29.567778,8.736511475724186,14.247084,469.73068,68.07449836548574,0.078470446,24.37070879642205,0.047206324,7.904701873879914,0.08363848,1.212737
